destination_id,state_name,district_name,destination_name,lat,lon,total_rooms,daily_demand_peak,cc_accommodation,cc_transport,cc_attraction,cc_water_waste,cc_ecology,cc_social,binding_constraint,sustainable_capacity,continuous_pressure,excess_demand_daily,capacity_gap,poverty_rate,mean_household_income,median_household_income,latest_aor_pct,arch_heritage,arch_nature,arch_beach,arch_food,arch_urban,poi_tags,transit_mode,pbt_name
DST_001,Johor,Johor Bahru,Johor Bahru,1.4927,103.7414,8635,13567,13989,11397,17638,19673,31205,21030,Transport / Roadway Gridlock,11397,1.19,2171,-0.19,2.5,9484,7712,50.0,0.054,0.058,0.058,0.658,0.958,attraction | cinemas | community_mall | department_store | dining | dining_hub | family_entertainment | family_shopping | food_court | high_end_dining | hotel_resort | ice_skating | ikea_connected | indoor_climbing | luxury_retail | megamall | night_market | resort_hotel | retail | retail_center | rooftop_park | shopping_mall | skatepark | theme_park | urban_center | water_park,Federal Road & Express Coach,Majlis Bandaraya Johor Bahru (MBJB) / Majlis Bandaraya Iskandar Puteri (MBIP) / Majlis Bandaraya Pasir Gudang (MBPG)
DST_002,Johor,Batu Pahat,Batu Pahat,1.8494,102.9288,4069,5692,6592,7684,7399,8253,13091,8822,Accommodation Inventory,6592,0.863,0,0.137,2.5,9484,7712,50.0,0.1,0.05,0.05,0.6,0.88,cinema | dining | district_hub | retail | shopping_mall,Federal Road & Express Coach,Majlis Perbandaran Batu Pahat (MPBP)
DST_003,Johor,Muar,Muar,2.0394,102.5694,5691,8508,9219,11486,11060,12337,19569,13187,Accommodation Inventory,9219,0.923,0,0.077,2.5,9484,7712,50.0,0.88,0.3,0.45,0.95,0.65,heritage_food | mee_bandung | otak_otak | pre_war_shophouses | royal_town | tanjung_emas_waterfront,Federal Road & Express Coach,Majlis Perbandaran Muar (MPM)
DST_004,Johor,Kota Tinggi,Kota Tinggi,1.7336,103.8992,3643,4660,5902,6291,6058,6757,10718,7223,Accommodation Inventory,5902,0.79,0,0.21,2.5,9484,7712,50.0,0.11,0.546,0.837,0.378,0.312,beach | beach_resort | coastal | coastal_walk | eco_nature | family_recreation | firefly_cruise | fisherman_museum | golf_course | luxury_hotel | mangrove | nature_resort | night_safari | river_cascade | river_tour | rock_formations | sandy_beach | seafood | swimming | water_sports | waterfall | waterpark,Federal Road & Express Coach,Majlis Daerah Kota Tinggi (MDKT) / Majlis Perbandaran Pengerang (MPPengerang)
DST_005,Johor,Segamat,Segamat,2.5146,102.8158,1759,1838,2850,2482,2390,2665,4228,2849,Attraction Core Space Turnover,2390,0.769,0,0.231,2.5,9484,7712,50.0,0.3,0.85,0.05,0.8,0.4,agritourism | bekok_waterfall | durian_capital | labis_hot_springs | rainforest_streams,Federal Road & Express Coach,Majlis Perbandaran Segamat (MPSegamat) / Majlis Daerah Labis (MDLabis)
DST_006,Johor,Kluang,Kluang,2.0327,103.3242,2950,3764,4779,5082,4894,5458,8658,5835,Accommodation Inventory,4779,0.788,0,0.212,2.5,9484,7712,50.0,0.4,0.82,0.05,0.88,0.55,gunung_lambak | kluang_rail_coffee | organic_agritourism | railway_heritage | uk_farm,Federal Road & Express Coach,Majlis Perbandaran Kluang (MPKluang) / Majlis Daerah Simpang Renggam (MDSR)
DST_007,Johor,Pontian,Pontian,1.4947,103.3896,3323,4470,5383,6034,5810,6481,10280,6928,Accommodation Inventory,5383,0.83,0,0.17,2.5,9484,7712,50.0,0.35,0.9,0.8,0.88,0.4,kukup_water_village | mangrove_ramsar | seafood_stilt_dining | southernmost_asia | tanjung_piai,Federal Road & Express Coach,Majlis Perbandaran Pontian (MPPn)
DST_008,Johor,Mersing,Mersing,2.4312,103.8398,2254,2476,3651,3343,3219,3590,5695,3838,Attraction Core Space Turnover,3219,0.769,0,0.231,2.5,9484,7712,50.0,0.25,0.85,0.98,0.65,0.35,coastal_jetty | fresh_seafood | island_hopping | marine_park | pulau_rawa | tioman_gateway,Federal Road & Express Coach,Majlis Daerah Mersing (MDMersing)
DST_009,Johor,Kulai,Kulai,1.6565,103.6033,1653,1690,2678,2281,2197,2450,3886,2619,Attraction Core Space Turnover,2197,0.769,0,0.231,2.5,9484,7712,50.0,0.05,0.05,0.05,0.6,0.98,designer_brands | luxury_shopping | premium_outlet | retail_therapy,Federal Road & Express Coach,Majlis Perbandaran Kulai (MPKulai)
DST_010,Johor,Tangkak,Tangkak,2.2673,102.5453,1514,1479,2453,1996,1922,2144,3401,2292,Attraction Core Space Turnover,1922,0.769,0,0.231,2.5,9484,7712,50.0,0.2,0.95,0.05,0.2,0.1,eco_nature | mountain_hiking | national_park | rainforest | waterfall,Federal Road & Express Coach,Majlis Daerah Tangkak (MDTangkak)
DST_011,Kedah,Kota Setar,Kota Setar,6.1248,100.3678,2717,3826,4402,5164,4973,5547,8799,5930,Accommodation Inventory,4402,0.869,0,0.131,8.4,5793,4895,47.0,0.325,0.121,0.05,0.659,0.827,art_gallery | baju_melayu | cinema | city_center | city_icon | colonial_heritage | crystal_caves | cultural_hub | cultural_shopping | dodol | flagship_mall | geology | historical_architecture | kuih_bahulu | lifestyle_retail | limestone_hill | malay_delicacies | malay_food | menara_view | observation_deck | paddy_panoramas | paintings | recreation | retail | revolving_restaurant | shopping_mall | supermarket | telecom_tower | traditional_market | urban_convenience,Federal Road & Express Coach,Majlis Bandaraya Alor Setar (MBAS)
DST_012,Kedah,Langkawi,Langkawi,6.3265,99.8432,5166,9639,8369,13012,12530,8193,22169,14940,Clean Water Buffer (SPAN Reserve),8193,1.176,1446,-0.176,8.4,5793,4895,47.0,0.318,0.582,0.693,0.628,0.632,beaches | beachfront_dining | burnt_rice | craft_market | cultural_heritage | duty_free | duty_free_chocolate | duty_free_island | eagle_monument | ferry_terminal | folk_history | folklore_legend | geopark | gunung_machinchang | historical_shrine | iconic_landmark | islands | kitchenware | kuah_town | kuah_waterfront | mangroves | mountain_views | natural_pools | nightlife | panoramic_geopark | photo_spot | prime_beach | rainforest_trekking | retail_shopping | seven_wells | siamese_history | skybridge | skycab | souvenirs | traditional_village | unesco_global_geopark | water_sports | waterfall,Federal Road & Express Coach,Majlis Perbandaran Langkawi Bandaraya Pelancongan (MPLBP)
DST_013,Kedah,Kuala Muda,Kuala Muda,5.6371,100.4883,2754,4069,4461,5493,5290,5900,9359,6307,Accommodation Inventory,4461,0.912,0,0.088,8.4,5793,4895,47.0,0.279,0.345,0.631,0.717,0.42,belacan | coastal | community_retail | dried_seafood | family_leisure | ferry_to_tanjung_dawai | fishing_village | ikan_bilis | jetty | mainland_beach | picnic | seafood | shopping_mall | sungai_petani,KTM ETS & Rail,Majlis Perbandaran Sungai Petani (MPSP)
DST_014,Kedah,Baling,Baling,5.6775,100.9189,782,790,1267,1067,1028,1146,1818,1225,Attraction Core Space Turnover,1028,0.769,0,0.231,8.4,5793,4895,47.0,0.25,0.92,0.05,0.5,0.2,caving | eco_adventure | gunung_baling | limestone_hiking | ulu_legong_hot_springs,KTM ETS & Rail,Majlis Daerah Baling (MDB)
DST_015,Kedah,Kulim,Kulim,5.3705,100.5552,1474,1824,2388,2462,2371,2645,4195,2827,Attraction Core Space Turnover,2371,0.769,0,0.231,8.4,5793,4895,47.0,0.25,0.88,0.05,0.6,0.7,canopy_walk | hi_tech_park | rainforest_trekking | sedim_river_rapids | tree_top_walk,KTM ETS & Rail,Majlis Perbandaran Kulim (MPKK)
DST_016,Kedah,Kubang Pasu,Kubang Pasu,6.3142,100.4283,1374,1710,2226,2308,2223,2479,3932,2650,Attraction Core Space Turnover,2223,0.769,0,0.231,8.4,5793,4895,47.0,0.4,0.5,0.05,0.65,0.6,border_trade | bukit_kayu_hitam | duty_free | golf_resort | tasik_darulaman,Federal Road & Express Coach,Majlis Perbandaran Kubang Pasu (MPKP)
DST_017,Kedah,Yan,Yan,5.7958,100.3752,890,898,1442,1212,1167,1302,2065,1392,Attraction Core Space Turnover,1167,0.769,0,0.231,8.4,5793,4895,47.0,0.45,0.96,0.25,0.35,0.2,cool_climate | historical_beacon | mountain_peak | panoramic_views | resort,KTM ETS & Rail,Majlis Daerah Yan (MDY)
DST_018,Kedah,Pendang,Pendang,5.9922,100.4789,712,732,1153,988,951,1061,1683,1134,Attraction Core Space Turnover,951,0.769,0,0.231,8.4,5793,4895,47.0,0.3,0.6,0.05,0.65,0.25,local_delicacies | paddy_expanse | rural_homestays | traditional_farming,KTM ETS & Rail,Majlis Daerah Pendang (MDP)
DST_019,Kedah,Padang Terap,Padang Terap,6.2575,100.6125,750,754,1215,1018,980,1093,1734,1168,Attraction Core Space Turnover,980,0.769,0,0.231,8.4,5793,4895,47.0,0.2,0.92,0.05,0.45,0.15,angler_haven | lake_resort | pedu_lake | rainforest_catchment | wilderness,Federal Road & Express Coach,Majlis Daerah Padang Terap (MDPT)
DST_020,Kedah,Sik,Sik,5.8239,100.7483,746,767,1209,1035,997,1112,1764,1189,Attraction Core Space Turnover,997,0.769,0,0.231,8.4,5793,4895,47.0,0.2,0.9,0.05,0.65,0.15,beris_lake | lata_mengkuang | rural_agritourism | tasik_beris_vineyard | waterfall,KTM ETS & Rail,Majlis Daerah Sik (MDS)
DST_021,Kelantan,Kota Bharu,Kota Bharu,6.1254,102.2381,2015,3235,3264,4367,4205,4691,7440,5014,Accommodation Inventory,3264,0.991,0,0.009,11.5,5265,4083,42.1,0.401,0.113,0.17,0.78,0.75,apparel | batik_songket | batik_workshops | bowling | casuarina_beach | celup_tepung | central_market | cinema | city_mall | coastal_breeze | coastal_shoreline | family_dining | fruits | iconic_heritage | kite_flying | kuih_akok | local_delicacies | midnight_shopping | nasi_kerabu | night_market | pacific_hypermarket | regional_mall | retail | riverfront | street_food | sunset_spot | supermarket | traditional_fishing,Federal Road & Express Coach,Majlis Perbandaran Kota Bharu Bandaraya Islam (MPKB-BRI)
DST_022,Kelantan,Bachok,Bachok,6.064,102.3995,784,1036,1270,1399,1347,1503,2383,1606,Accommodation Inventory,1270,0.816,0,0.184,11.5,5265,4083,42.1,0.239,0.522,0.943,0.616,0.228,camping_ground | coastal_pine | coastal_promenade | dune_beach | fishing_boats | food_stalls | melody_beach | picnic_park | sea_breeze,Federal Road & Express Coach,Majlis Daerah Bachok Bandar Pelancongan Islam (MDBachok)
DST_023,Kelantan,Pasir Mas,Pasir Mas,6.0425,102.1386,786,960,1273,1296,1248,1392,2207,1488,Attraction Core Space Turnover,1248,0.769,0,0.231,11.5,5265,4083,42.1,0.737,0.05,0.05,0.481,0.654,border_trade | clothing | cultural_landmark | district_mosque | duty_free | islamic_architecture | kitchenware | spiritual_tourism | thai_goods,Federal Road & Express Coach,Majlis Daerah Pasir Mas (MDPM)
DST_024,Kelantan,Pasir Puteh,Pasir Puteh,5.836,102.4019,436,478,706,646,622,693,1100,741,Attraction Core Space Turnover,622,0.769,0,0.231,11.5,5265,4083,42.1,0.35,0.65,0.88,0.7,0.25,coastal_casuarinas | jeram_pasu | pantai_bisikan_bayu | seafood | waterfall_picnic,Federal Road & Express Coach,Majlis Daerah Pasir Puteh (MDPP)
DST_025,Kelantan,Tanah Merah,Tanah Merah,5.808,102.1481,350,358,567,483,465,519,823,555,Attraction Core Space Turnover,465,0.769,0,0.231,11.5,5265,4083,42.1,0.3,0.65,0.05,0.6,0.3,bukit_panau | kusial_bridge | local_crafts | river_crossing,Federal Road & Express Coach,Majlis Daerah Tanah Merah (MDTanahMerah)
DST_026,Kelantan,Tumpat,Tumpat,6.1978,102.1694,496,546,804,737,709,791,1255,846,Attraction Core Space Turnover,709,0.769,0,0.231,11.5,5265,4083,42.1,0.95,0.4,0.7,0.85,0.4,border_duty_free | pengkalan_kubor | sitting_buddha | sleeping_buddha | wat_photivihan,Federal Road & Express Coach,Majlis Daerah Tumpat (MDTumpat)
DST_027,Kelantan,Machang,Machang,5.7656,102.2158,350,358,567,483,465,519,823,555,Attraction Core Space Turnover,465,0.769,0,0.231,11.5,5265,4083,42.1,0.3,0.8,0.05,0.6,0.25,hot_springs | hutan_lipur_bukit_bakar | rural_bazaar | waterfall,Federal Road & Express Coach,Majlis Daerah Machang (MDMachang)
DST_028,Kelantan,Gua Musang,Gua Musang,4.8822,101.9686,388,397,629,535,516,575,912,615,Attraction Core Space Turnover,516,0.769,0,0.231,11.5,5265,4083,42.1,0.45,0.96,0.05,0.6,0.25,gua_madu | gunung_stong | jungle_railway | limestone_caves | waterfall_trekking,Federal Road & Express Coach,Majlis Daerah Gua Musang (MDGM)
DST_029,Kelantan,Jeli,Jeli,5.6983,101.8439,350,352,567,475,457,510,809,545,Attraction Core Space Turnover,457,0.769,0,0.231,11.5,5265,4083,42.1,0.2,0.92,0.05,0.45,0.2,east_west_highway | geological_monument | gunung_reng | lata_janggut | river_cascades,Federal Road & Express Coach,Majlis Daerah Jeli (MDJeli)
DST_030,Kelantan,Kuala Krai,Kuala Krai,5.5317,102.2003,386,392,625,530,510,569,902,608,Attraction Core Space Turnover,510,0.769,0,0.231,11.5,5265,4083,42.1,0.5,0.85,0.05,0.55,0.25,historical_river_port | lata_rek | nature_pools | railway_heritage | tangga_krai,Federal Road & Express Coach,Majlis Daerah Kuala Krai (MDKualaKrai)
DST_031,Melaka,Melaka Tengah,Melaka Tengah,2.2008,102.2519,13551,25298,21953,34152,21756,21503,58185,20744,Local Resident Social Tolerance,20744,1.22,4554,-0.22,3.0,8686,6891,43.1,0.94,0.229,0.323,0.88,0.761,antique_shops | ayer_keroh | biodiversity | botanical_gardens | bustel | butterfly_sanctuary | canopy_walk | cendol | chicken_rice_balls | city_center | coastal_breeze | coconut_shake | cultural_artifacts | cultural_street | department_stores | dining | dining_precinct | dinosaur_park | eco_education | family_attraction | family_leisure | gsc_cinema | heritage_core_mall | historical_bridges | historical_exhibits | mega_retail | mural_art | nature_jogging | night_illuminations | night_market | night_safari | nyonya_food | pioneer_mall | regional_mall | reptile_park | retail_fashion | river_cruise | royal_customs | sand_dunes | souvenirs | sunset_spot | traditional_wedding | unesco_adjacent | unesco_scenery | unesco_world_heritage | wildlife_conservation | zoological_park,Federal Road & Express Coach,Majlis Bandaraya Melaka Bersejarah (MBMB) / Majlis Perbandaran Hang Tuah Jaya (MPHTJ)
DST_032,Melaka,Alor Gajah,Alor Gajah,2.3831,102.2089,4501,5855,7292,7904,7611,8489,13466,9075,Accommodation Inventory,7292,0.803,0,0.197,3.0,8686,6891,43.1,0.305,0.379,0.614,0.683,0.466,branded_retail | chalets_resort | dutch_windmill | family_getaway | fresh_seafood | golf_resort | ikan_bakar | lake_setting | open_air_outlet | safari_wonderland | swimming_beach | turtle_hatchery | water_theme_park,Federal Road & Express Coach,Majlis Perbandaran Alor Gajah (MPAG) / Majlis Perbandaran Hang Tuah Jaya (MPHTJ)
DST_033,Melaka,Jasin,Jasin,2.3082,102.4326,2197,2275,3559,3071,2957,3299,5232,3526,Attraction Core Space Turnover,2957,0.769,0,0.231,3.0,8686,6891,43.1,0.45,0.8,0.15,0.65,0.35,agritourism_orchards | asahan_waterfall | gunung_ledang_trail | jasin_hot_springs | rural_retreat,Federal Road & Express Coach,Majlis Perbandaran Jasin (MPJ) / Majlis Perbandaran Hang Tuah Jaya (MPHTJ)
DST_034,Negeri Sembilan,Seremban,Seremban,2.7258,101.9424,2972,4159,4815,5614,5406,6030,9565,6446,Accommodation Inventory,4815,0.864,0,0.136,4.0,7305,5591,40.2,0.135,0.214,0.05,0.603,0.871,cinema | civic_square | clock_tower | curtains_carpets | dining_precinct | family_dining | family_recreation | food_trucks | green_lung | islamic_architecture | jogging_track | kite_flying | lake_gardens | large_aeon_mall | night_activities | photo_destination | retail | retail_bazaar | retail_chains | seremban_gateway | shopping | spiritual_landmark | taj_mahal_inspired | textile_wholesale | wedding_decor,Federal Road & Express Coach,Majlis Bandaraya Seremban (MBS)
DST_035,Negeri Sembilan,Port Dickson,Port Dickson,2.5228,101.7959,3458,6566,5602,8864,8536,5581,15102,10177,Clean Water Buffer (SPAN Reserve),5581,1.176,985,-0.176,4.0,7305,5591,40.2,0.265,0.474,0.929,0.637,0.48,ancient_history | archaeology | army_museum | banana_boat | beach_strip | breeze | coastal | family_camping | jet_ski | keramat_ujang_pasir | mangrove_island | megalithic_stones | military_history | picnic | popular_beach | promenade | recreational_park | resort_hotels | retail_shops | seafood | seaside_dining | souvenir_stalls | sunset_plaza | tanks_aircraft | underground_tunnel | water_sports | wooden_bridge,Federal Road & Express Coach,Majlis Perbandaran Port Dickson (MPPD)
DST_036,Negeri Sembilan,Jempol,Jempol,2.8089,102.4058,825,839,1336,1132,1090,1216,1929,1300,Attraction Core Space Turnover,1090,0.769,0,0.231,4.0,7305,5591,40.2,0.3,0.65,0.05,0.55,0.3,agricultural_settlements | felda_agritourism | serting_plains | tasik_bera_boundary,Federal Road & Express Coach,Majlis Perbandaran Jempol (MPJL)
DST_037,Negeri Sembilan,Kuala Pilah,Kuala Pilah,2.7389,102.2489,1053,1100,1706,1486,1431,1596,2531,1706,Attraction Core Space Turnover,1431,0.769,0,0.231,4.0,7305,5591,40.2,0.95,0.75,0.05,0.8,0.35,istana_lama_seri_menanti | minangkabau_royal_heritage | traditional_roofs | ulu_bendul_recreation,Federal Road & Express Coach,Majlis Daerah Kuala Pilah (MDKP)
DST_038,Negeri Sembilan,Rembau,Rembau,2.5897,102.0919,961,993,1557,1341,1291,1440,2285,1540,Attraction Core Space Turnover,1291,0.769,0,0.231,4.0,7305,5591,40.2,0.7,0.75,0.05,0.7,0.3,adat_perpatih | gunung_rembau | minangkabau_homestays | pedas_hot_springs,Federal Road & Express Coach,Majlis Daerah Rembau (MDR)
DST_039,Negeri Sembilan,Tampin,Tampin,2.4706,102.2306,932,947,1510,1279,1232,1374,2179,1468,Attraction Core Space Turnover,1232,0.769,0,0.231,4.0,7305,5591,40.2,0.3,0.4,0.05,0.55,0.7,community_hub | extreme_park | gunung_tampin_backdrop | town_square,Federal Road & Express Coach,Majlis Daerah Tampin (MDTampin)
DST_040,Negeri Sembilan,Jelebu,Jelebu,2.9417,102.0667,843,862,1366,1163,1120,1249,1982,1336,Attraction Core Space Turnover,1120,0.769,0,0.231,4.0,7305,5591,40.2,0.3,0.94,0.05,0.6,0.2,jeram_toi_waterfall | kenaboi_state_park | pineapple_agritourism | rainforest_wilderness,Federal Road & Express Coach,Majlis Daerah Jelebu (MDJelebu)
DST_041,Pahang,Kuantan,Kuantan,3.8126,103.3256,7063,11362,11442,15339,14771,16475,26133,17611,Accommodation Inventory,11442,0.993,0,0.007,5.9,6066,4975,74.2,0.13,0.284,0.36,0.672,0.779,cinema | community_retail | dining | dining_precinct | downtown_kuantan | family_entertainment | flagship_mall | forest_resort | iconic_beach | it_shops | kuantan_city_center | local_dining | mcdonalds_seaside | mining_heritage | modern_mall | monkeys | multiplex_cinema | night_promenade | retail_chains | retail_fashion | rocky_cape | safari_park | sea_of_clouds | stairway_trek | sunrise_hike | water_park,Federal Road & Express Coach,Majlis Bandaraya Kuantan (MBK)
DST_042,Pahang,Bentong,Bentong,3.5222,101.91,7242,11552,11732,15596,15018,16751,26570,17906,Accommodation Inventory,11732,0.985,0,0.015,5.9,6066,4975,74.2,0.125,0.651,0.05,0.801,0.975,cable_car | cable_car_station | casino_resort | cool_mountain | designer_fashion | entertainment | mid_hill | outdoor_outlet | skyworlds_theme_park,Federal Road & Express Coach,Majlis Perbandaran Bentong (MPB)
DST_043,Pahang,Cameron Highlands,Cameron Highlands,4.4735,101.3789,6346,11593,10281,9738,15071,16810,8695,17970,Ecological Slope & Forest KSAS Buffer,8695,1.333,2898,-0.333,5.9,6066,4975,74.2,0.38,0.967,0.05,0.86,0.295,agritourism | cool_climate | fresh_produce | hydroponic_farming | mossy_forest | strawberry_farms | strawberry_picking | tea_plantations | waffles_jam,KTM ETS & Rail,Majlis Daerah Cameron Highlands (MDCH)
DST_044,Pahang,Rompin,Rompin,2.8173,103.4682,2522,3406,4086,4598,4428,4939,7834,5279,Accommodation Inventory,4086,0.834,0,0.166,5.9,6066,4975,74.2,0.3,0.95,0.98,0.8,0.3,coastal_beaches | dive_resorts | endau_rompin_national_park | pulau_tioman_gateway | udang_galah,Federal Road & Express Coach,Majlis Daerah Rompin (MDRompin)
DST_045,Pahang,Temerloh,Temerloh,3.4485,102.4176,2145,2767,3475,3735,3597,4012,6363,4288,Accommodation Inventory,3475,0.796,0,0.204,5.9,6066,4975,74.2,0.5,0.75,0.05,0.98,0.55,kuala_gandah_elephants | patin_tempoyak_capital | pekan_sehari_temerloh | peninsular_centerpoint,Federal Road & Express Coach,Majlis Perbandaran Temerloh (MPT)
DST_046,Pahang,Lipis,Lipis,4.1843,102.0463,1544,1587,2501,2143,2063,2301,3650,2460,Attraction Core Space Turnover,2063,0.769,0,0.231,5.9,6066,4975,74.2,0.92,0.85,0.05,0.65,0.3,british_colonial_trail | clifford_school | jungle_railway | kenong_rimba_park | kuala_lipis_heritage,Federal Road & Express Coach,Majlis Daerah Lipis (MDLipis)
DST_047,Pahang,Raub,Raub,3.7899,101.857,1529,1629,2477,2199,2118,2362,3747,2525,Attraction Core Space Turnover,2118,0.769,0,0.231,5.9,6066,4975,74.2,0.65,0.9,0.05,0.98,0.45,birdwatching | colonial_bungalows | frasers_hill_foothills | mining_heritage | musang_king_durian,Federal Road & Express Coach,Majlis Daerah Raub (MDRaub)
DST_048,Pahang,Jerantut,Jerantut,3.9372,102.3625,1386,1417,2245,1913,1842,2054,3259,2196,Attraction Core Space Turnover,1842,0.769,0,0.231,5.9,6066,4975,74.2,0.35,0.99,0.05,0.6,0.25,canopy_walk | kuala_tahan | oldest_rainforest | orang_asli | tahan_river | taman_negara,Federal Road & Express Coach,Majlis Daerah Jerantut (MDJerantut)
DST_049,Pahang,Pekan,Pekan,3.4836,103.3994,1762,1912,2854,2581,2485,2772,4397,2963,Attraction Core Space Turnover,2485,0.769,0,0.231,5.9,6066,4975,74.2,0.96,0.4,0.65,0.75,0.5,muzium_sultan_abu_bakar | polo_club | riverfront | royal_capital_of_pahang | tenun_pahang_diraja,Federal Road & Express Coach,Majlis Perbandaran Pekan Bandar Diraja (MPPBDR)
DST_050,Pahang,Maran,Maran,3.5861,102.7725,1251,1272,2027,1717,1653,1844,2925,1971,Attraction Core Space Turnover,1653,0.769,0,0.231,5.9,6066,4975,74.2,0.5,0.82,0.05,0.55,0.25,lubuk_yu_waterfall | recreational_forest | sri_marathandavar_temple | tasik_chini_gateway,Federal Road & Express Coach,Majlis Daerah Maran (MDMaran)
DST_051,Pahang,Bera,Bera,3.2458,102.5806,1311,1325,2124,1789,1723,1921,3048,2054,Attraction Core Space Turnover,1723,0.769,0,0.231,5.9,6066,4975,74.2,0.45,0.94,0.05,0.5,0.2,angler_expeditions | peat_swamp_forest | ramsar_wetland | semelai_culture | tasik_bera,Federal Road & Express Coach,Majlis Daerah Bera (MDBera)
DST_052,Pulau Pinang,Timur Laut,Timur Laut,5.4141,100.3288,12685,21124,20550,17744,18167,30630,48586,17322,Local Resident Social Tolerance,17322,1.22,3802,-0.22,1.9,9152,7386,54.4,0.91,0.398,0.521,0.89,0.785,beachfront_dining | bookxcess | cinema | cinemas | cloud9_skywalk | cny_illuminations | colonial_bungalows | cool_breeze | dining | downtown | downtown_george_town | escape_theme_park | flagship_mall | funicular_train | guanyin_bronze_statue | gurney_drive | habitat_rainforest | hawker_adjacent | high_end_retail | historic_monastery | it_gadgets | komtar_connected | luxury_fashion | monkey_beach | night_market | observation_deck | pagoda_of_ten_thousand_buddhas | penang_national_park | rainbow_skywalk | resort_hotels | retail | seafront_promenade | st_joseph_novitiate | sunset_bars | tallest_building_in_penang | theme_park | turtle_beach | unesco_biosphere | value_shopping | water_sports,KTM ETS & Rail,Majlis Bandaraya Pulau Pinang (MBPP)
DST_053,Pulau Pinang,Barat Daya,Barat Daya,5.3341,100.2241,3104,4105,5028,5542,5337,5952,9442,6363,Accommodation Inventory,5028,0.816,0,0.184,1.9,9152,7386,54.4,0.1,0.05,0.6,0.85,0.98,coastal_view | largest_mall_in_penang | retail_chains | seafront_dining,KTM ETS & Rail,Majlis Bandaraya Pulau Pinang (MBPP)
DST_054,Pulau Pinang,Seberang Perai Tengah,Seberang Perai Tengah,5.3683,100.4608,4417,6316,7156,8527,8211,9159,14528,9790,Accommodation Inventory,7156,0.883,0,0.117,1.9,9152,7386,54.4,0.1,0.05,0.05,0.8,0.96,cinema | convention_center | expanded_mall | mainland_penang | seberang_jaya,KTM ETS & Rail,Majlis Bandaraya Seberang Perai (MBSP)
DST_055,Pulau Pinang,Seberang Perai Utara,Seberang Perai Utara,5.492,100.4357,3910,5259,6334,7100,6837,7626,12096,8152,Accommodation Inventory,6334,0.83,0,0.17,1.9,9152,7386,54.4,0.65,0.45,0.8,0.88,0.75,butterworth_art_walk | container_art | pantai_bersih_seafood | penang_ferry | robina_eco_park,KTM ETS & Rail,Majlis Bandaraya Seberang Perai (MBSP)
DST_056,Pulau Pinang,Seberang Perai Selatan,Seberang Perai Selatan,5.2281,100.4912,2345,2607,3799,3520,3390,3781,5997,4041,Attraction Core Space Turnover,3390,0.769,0,0.231,1.9,9152,7386,54.4,0.5,0.4,0.75,0.92,0.85,bukit_tambun_seafood | design_village_outlet | ikea_batu_kawan | pulau_aman_mee_udang,KTM ETS & Rail,Majlis Bandaraya Seberang Perai (MBSP)
DST_057,Perak,Kinta,Kinta,4.5975,101.0901,4785,7569,7752,10218,9839,10974,17408,11731,Accommodation Inventory,7752,0.976,0,0.024,6.9,6173,4687,44.7,0.35,0.29,0.072,0.709,0.865,bowling | british_colonial | cascades | cinema | city_square | downtown_ipoh | family_dining | fashion_retail | flea_market | food_court | halal_hub | heritage_shophouses | heritage_trail | hot_springs | ipoh_white_coffee | lake_boat_ride | limestone_cliffs | limestone_towers | local_delicacies | mini_zoo | morning_bazaar | nature_trekking | neoclassical_architecture | night_bazaar | night_park | old_town | orang_asli_settlement | petting_zoo | retro_collectibles | river_cascade | street_art | street_food | tau_fu_fa | traditional_houses | vintage_antiques | water_theme_park | waterfall,KTM ETS & Rail,Majlis Bandaraya Ipoh (MBI)
DST_058,Perak,Larut & Matang,Larut & Matang,4.85,100.7333,3066,4202,4967,5673,5463,6093,9665,6513,Accommodation Inventory,4967,0.846,0,0.154,6.9,6173,4687,44.7,0.756,0.955,0.05,0.419,0.451,colonial_heritage | conservation | first_public_garden | lake_gardens_adjacent | lake_reflections | night_safari | oldest_zoo_in_malaysia | rain_trees | swan_boats,KTM ETS & Rail,Majlis Perbandaran Taiping (MPT)
DST_059,Perak,Manjung,Manjung,4.1953,100.6622,3222,4848,5220,6545,6303,7030,11151,7515,Accommodation Inventory,5220,0.929,0,0.071,6.9,6173,4687,44.7,0.298,0.543,0.959,0.673,0.444,beaches | camping | coastal_walk | coral_islands | dried_fish_shops | dutch_fort | duty_free_island | family_picnic | fast_ferry_to_pangkor | fishing_villages | hornbill_feeding | island_beach | mainland_beach | man_made_island | naval_town | open_bay | pangkor_ferry_jetty | seafood | snorkeling | sunset_view | water_sports | waterfront_hotel | yacht_marina,KTM ETS & Rail,Majlis Perbandaran Manjung (MPM)
DST_060,Perak,Kuala Kangsar,Kuala Kangsar,4.7738,100.9416,1145,1477,1855,1994,1920,2141,3397,2289,Accommodation Inventory,1855,0.796,0,0.204,6.9,6173,4687,44.7,0.35,0.8,0.05,0.98,0.15,agritourism | durian_orchard | fruit_tasting | research_station,KTM ETS & Rail,Majlis Perbandaran Kuala Kangsar (MPKK)
DST_061,Perak,Batang Padang,Batang Padang,4.2003,101.2725,885,915,1434,1235,1189,1326,2104,1418,Attraction Core Space Turnover,1189,0.769,0,0.231,6.9,6173,4687,44.7,0.4,0.92,0.05,0.7,0.45,bamboo_crafts | lata_kinjang_waterfall | sungai_klah_hot_springs | tapah_highland_gateway,KTM ETS & Rail,Majlis Daerah Tapah (MDTapah)
DST_062,Perak,Hilir Perak,Hilir Perak,4.0258,101.0208,1017,1094,1648,1478,1423,1587,2517,1696,Attraction Core Space Turnover,1423,0.769,0,0.231,6.9,6173,4687,44.7,0.94,0.3,0.25,0.94,0.6,chee_cheong_fun | historical_monument | leaning_tower_teluk_intan | perak_river_cruises,KTM ETS & Rail,Majlis Perbandaran Teluk Intan (MPTI)
DST_063,Perak,Kerian,Kerian,5.1667,100.4833,1037,1151,1680,1553,1496,1668,2647,1784,Attraction Core Space Turnover,1496,0.769,0,0.231,6.9,6173,4687,44.7,0.5,0.75,0.75,0.9,0.45,bukit_merah_laketown | kuala_kurau_fishermans_wharf | orangutan_island | seafood_mee_udang,KTM ETS & Rail,Majlis Daerah Kerian (MDKerian)
DST_064,Perak,Kampar,Kampar,4.3125,101.1508,1691,2167,2739,2926,2817,3142,4984,3359,Accommodation Inventory,2739,0.791,0,0.209,6.9,6173,4687,44.7,0.7,0.92,0.05,0.92,0.65,bread_curry_chicken | gua_tempurung | limestone_caves | tin_mining_history | utar_town,KTM ETS & Rail,Majlis Daerah Kampar (MDKampar)
DST_065,Perak,Muallim,Muallim,3.6842,101.5208,1039,1092,1683,1474,1419,1583,2511,1692,Attraction Core Space Turnover,1419,0.769,0,0.231,6.9,6173,4687,44.7,0.6,0.85,0.05,0.85,0.6,educational_heritage | hiking_trails | strata_falls | tanjung_malim_railway | yik_mun_pau,Federal Road & Express Coach,Majlis Daerah Tanjong Malim (MDTM)
DST_066,Perak,Perak Tengah,Perak Tengah,4.3583,100.9417,896,916,1452,1236,1191,1328,2107,1420,Attraction Core Space Turnover,1191,0.769,0,0.231,6.9,6173,4687,44.7,0.92,0.5,0.05,0.6,0.3,dato_maharajalela_history | padi_plains | pasir_salak_complex | perak_river_culture,KTM ETS & Rail,Majlis Daerah Perak Tengah (MDPT)
DST_067,Perak,Hulu Perak,Hulu Perak,5.4333,101.1333,872,886,1413,1197,1152,1285,2039,1374,Attraction Core Space Turnover,1152,0.769,0,0.231,6.9,6173,4687,44.7,0.45,0.99,0.05,0.55,0.2,banding_island | hornbill_sanctuary | rafflesia | royal_belum_state_park | tasik_temenggor,KTM ETS & Rail,Majlis Daerah Gerik (MDGerik) / Majlis Daerah Pengkalan Hulu (MDPengkalanHulu) / Majlis Daerah Lenggong (MDLenggong)
DST_068,Perlis,Kangar,Kangar,6.4436,100.1986,651,817,1055,1103,1062,1184,1879,1266,Accommodation Inventory,1055,0.774,0,0.226,3.6,5996,4950,40.1,0.324,0.66,0.417,0.48,0.29,birdwatching | camping_ground | chinese_bridges | coastal_dining | coral_mosaic | elevated_walkways | estuary_beach | ferry_to_langkawi | fishing_port | floating_mosque | grilled_seafood | ikan_bakar | jetty_view | jogging_circuit | kangar_town | ketam_bunga | laksa_kuala_perlis | local_picnic | lotus_lake | mangrove_coast | mangrove_setting | natural_pool | rainforest_reserve | riverfront_park | straits_of_malacca | sunset_spot | sunset_viewing | suspension_bridge | waterfall,Federal Road & Express Coach,Majlis Perbandaran Kangar (MPKangar)
DST_069,Perlis,Arau,Arau,6.4297,100.2742,377,398,611,538,518,577,916,617,Attraction Core Space Turnover,518,0.769,0,0.231,3.6,5996,4950,40.1,0.92,0.4,0.05,0.9,0.55,harum_manis_mango | istana_arau | railway_hub | royal_capital_of_perlis | royal_gallery,Federal Road & Express Coach,Majlis Perbandaran Kangar (MPKangar)
DST_070,Perlis,Padang Besar,Padang Besar,6.6628,100.3214,440,453,713,612,589,657,1042,702,Attraction Core Space Turnover,589,0.769,0,0.231,3.6,5996,4950,40.1,0.459,0.341,0.061,0.657,0.667,border_confectionery | border_lookout | border_shopping | clothing_bazaar | cloud_inversion | duty_free | guilin_of_malaysia | household_goods | migratory_birds | nakawan_range | pulut_mangga | resort_chalets | souvenirs | sunrise_panoramas | thai_goods | water_reservoir | wholesale_mart,Federal Road & Express Coach,Majlis Perbandaran Kangar (MPKangar)
DST_071,Selangor,Petaling,Petaling,3.1118,101.5947,8488,13611,13751,11433,17694,19736,31305,21097,Transport / Roadway Gridlock,11433,1.19,2178,-0.19,0.9,13296,10726,50.2,0.101,0.106,0.149,0.783,0.963,al_fresco_dining | boutiques | central_icity_mall | city_of_digital_lights | convention_hall | egyptian_pyramid | exhibitions | family_mall | flowrider | green_building | home_fairs | ice_rink | indoor_climbing | ipc_mall | meatballs | mega_retail | mutiara_damansara | park_setting | pedestrian_mall | resort_city | retail_cluster | secret_garden | setia_alam | snooze_walk | snowalk | sunway_lagoon_waterpark | swedish_furniture | top_world_megamalls | two_wings | water_play | waterworld | weddings | weekend_flea_market,Federal Road & Express Coach,Majlis Bandaraya Petaling Jaya (MBPJ) / Majlis Bandaraya Subang Jaya (MBSJ) / Majlis Bandaraya Shah Alam (MBSA)
DST_072,Selangor,Sepang,Sepang,2.6953,101.75,3778,5432,6120,7333,7062,7876,12494,8420,Accommodation Inventory,6120,0.888,0,0.112,0.9,13296,10726,50.2,0.05,0.15,0.05,0.85,0.99,district21_adventure | largest_mall_malaysia | olympic_ice_rink | symphony_walk,Federal Road & Express Coach,Majlis Perbandaran Sepang (MPSp)
DST_073,Selangor,Gombak,Gombak,3.2505,101.6508,5444,7404,8819,9996,9626,10736,17030,11477,Accommodation Inventory,8819,0.84,0,0.16,0.9,13296,10726,50.2,0.497,0.921,0.05,0.352,0.65,272_rainbow_steps | giant_panda_conservation | limestone_caves | lord_murugan_statue | national_zoo | thaipusam | tram_rides | wildlife_exhibits,Federal Road & Express Coach,Majlis Perbandaran Selayang (MPS) / Majlis Perbandaran Ampang Jaya (MPAJ)
DST_074,Selangor,Kuala Selangor,Kuala Selangor,3.3361,101.2504,3678,5000,5958,6749,6499,7249,11499,7749,Accommodation Inventory,5958,0.839,0,0.161,0.9,13296,10726,50.2,0.88,0.9,0.85,0.95,0.5,bukit_malawati | fresh_seafood | kampung_kuantan_fireflies | silvered_leaf_monkeys | sky_mirror_sasaran,KTM ETS & Rail,Majlis Perbandaran Kuala Selangor (MPKS)
DST_075,Selangor,Hulu Langat,Hulu Langat,3.1362,101.7915,3025,3877,4900,5234,5040,5621,8916,6009,Accommodation Inventory,4900,0.791,0,0.209,0.9,13296,10726,50.2,0.45,0.94,0.05,0.92,0.7,broga_hill_hiking | forest_reserves | gabai_waterfall | satay_kajang | sungai_congkak,Federal Road & Express Coach,Majlis Perbandaran Kajang (MPKj) / Majlis Perbandaran Ampang Jaya (MPAJ)
DST_076,Selangor,Klang,Klang,3.0449,101.4456,3798,5313,6153,7172,6906,7703,12219,8235,Accommodation Inventory,6153,0.863,0,0.137,0.9,13296,10726,50.2,0.2,0.05,0.05,0.6,0.94,apparel_accessories | b2b_b2c_retail | home_decor | wholesale_hub,KTM ETS & Rail,Majlis Bandaraya Diraja Klang (MBDK)
DST_077,Selangor,Kuala Langat,Kuala Langat,2.8167,101.4833,2027,2229,3284,3009,2898,3232,5127,3455,Attraction Core Space Turnover,2898,0.769,0,0.231,0.9,13296,10726,50.2,0.6,0.5,0.92,0.7,0.35,historical_landing_ww2 | ikan_bakar | kiting | mudflat_ecology | resort,Federal Road & Express Coach,Majlis Perbandaran Kuala Langat (MPKL)
DST_078,Selangor,Hulu Selangor,Hulu Selangor,3.5636,101.6575,1952,2018,3162,2724,2623,2926,4640,3127,Attraction Core Space Turnover,2623,0.769,0,0.231,0.9,13296,10726,50.2,0.75,0.95,0.05,0.7,0.45,chiling_waterfalls | frasers_foothills | hot_springs | kuala_kubu_bharu_heritage | white_water_rafting,Federal Road & Express Coach,Majlis Perbandaran Hulu Selangor (MPHS)
DST_079,Selangor,Sabak Bernam,Sabak Bernam,3.7667,100.9833,2027,2275,3284,3072,2958,3299,5233,3527,Attraction Core Space Turnover,2958,0.769,0,0.231,0.9,13296,10726,50.2,0.5,0.8,0.8,0.98,0.35,mango_king | paddy_gallery | pantai_redang | seafood_dining | sekinchan_paddy_fields,KTM ETS & Rail,Majlis Daerah Sabak Bernam (MDSB)
DST_080,Terengganu,Kuala Terengganu,Kuala Terengganu,5.3302,103.1408,3546,5908,5745,7975,7680,8566,13587,9157,Accommodation Inventory,5745,1.028,163,-0.028,5.8,7627,6627,43.1,0.585,0.254,0.638,0.816,0.802,batik_terengganu | brassware | chinatown_adjacent | coastal_park | drawbridge_adjacent | first_drawbridge_se_asia | food_stalls | horse_drawn_carriages | keropok_lekor | kite_flying | muara_terengganu | multiplex_cinema | night_lights | pacific_hypermarket | riverfront_promenade | seafront_mall | skybridge_gallery | songket | traditional_market,Federal Road & Express Coach,Majlis Bandaraya Kuala Terengganu (MBKT)
DST_081,Terengganu,Kuala Nerus,Kuala Nerus,5.3857,103.0784,827,920,1340,1242,1196,1334,2116,1426,Attraction Core Space Turnover,1196,0.769,0,0.231,5.8,7627,6627,43.1,0.303,0.5,0.949,0.791,0.385,airport_adjacent | bot_penambang | coastal_breeze | coastal_pine | drawbridge_panorama | fisherman_wharf | food_trucks | ikan_celup_tepung | keropok_lekor | miami_vibes | seafood | tetrapod_breakwater,Federal Road & Express Coach,Majlis Bandaraya Kuala Terengganu (MBKT)
DST_082,Terengganu,Kemaman,Kemaman,4.2312,103.333,1740,2684,2819,3623,3489,3891,6172,4160,Accommodation Inventory,2819,0.952,0,0.048,5.8,7627,6627,43.1,0.4,0.65,0.95,0.92,0.6,cherating_border | hai_peng_kopitiam | pantai_kemasik | sata_otak_otak | turtle_sanctuary,Federal Road & Express Coach,Majlis Perbandaran Kemaman (MPK)
DST_083,Terengganu,Besut,Besut,5.7483,102.5028,1732,2646,2806,3572,3440,3837,6086,4101,Accommodation Inventory,2806,0.943,0,0.057,5.8,7627,6627,43.1,0.45,0.9,0.99,0.8,0.4,air_panas_la | bukit_keluang_beach | marine_park | perhentian_islands | snorkeling_paradise,Federal Road & Express Coach,Majlis Daerah Besut (MDBesut)
DST_084,Terengganu,Dungun,Dungun,4.7675,103.415,1380,2060,2236,2780,2677,2986,4737,3192,Accommodation Inventory,2236,0.921,0,0.079,5.8,7627,6627,43.1,0.25,0.6,0.95,0.6,0.25,casuarina | curving_beach | south_china_sea | uitm_dungun,Federal Road & Express Coach,Majlis Perbandaran Dungun (MPD)
DST_085,Terengganu,Marang,Marang,5.2056,103.2058,692,772,1121,1042,1004,1119,1776,1197,Attraction Core Space Turnover,1004,0.769,0,0.231,5.8,7627,6627,43.1,0.6,0.85,0.98,0.8,0.35,marang_river_safari | pristine_beaches | pulau_kapas_gateway | traditional_boatbuilding,Federal Road & Express Coach,Majlis Daerah Marang (MDMarang)
DST_086,Terengganu,Setiu,Setiu,5.5667,102.7333,667,752,1081,1015,977,1090,1729,1165,Attraction Core Space Turnover,977,0.769,0,0.231,5.8,7627,6627,43.1,0.75,0.7,0.98,0.9,0.2,celup_tepung | coconut_groves | redang_views | traditional_terengganu_houses,Federal Road & Express Coach,Majlis Daerah Setiu (MDSetiu)
DST_087,Terengganu,Hulu Terengganu,Hulu Terengganu,4.975,102.9333,553,565,896,763,735,820,1300,876,Attraction Core Space Turnover,735,0.769,0,0.231,5.8,7627,6627,43.1,0.4,0.99,0.05,0.6,0.25,houseboats | kenyir_elephant_village | largest_manmade_lake | lasir_waterfall | tasik_kenyir,Federal Road & Express Coach,Majlis Daerah Hulu Terengganu (MDHT)
DST_088,Sabah,Kota Kinabalu,Kota Kinabalu,5.9804,116.0735,5753,9410,9320,12703,12233,13644,21643,14585,Accommodation Inventory,9320,1.01,90,-0.01,17.7,6498,4890,51.3,0.157,0.127,0.396,0.803,0.914,autocity | cinema | coastal_park | computers_electronics | cultural_performances | dining_strip | downtown_kk | first_beach_stalls | fruit_juices | furniture | golf_course | gsc_cinema | hotels | hypermarket | island_ferry_jetty | it_hub_sabah | kk_times_square | kk_waterfront | local_crafts | luxury_brands | luxury_resort | metrojaya | pearl_jewellery | pioneer_complex | seafront_dining | ums_adjacent | value_shopping | world_class_sunset | yacht_marina,Federal Road & Express Coach,Dewan Bandaraya Kota Kinabalu (DBKK)
DST_089,Sabah,Ranau,Ranau,5.9525,116.6644,3141,4474,5088,6041,5817,6488,3356,6935,Ecological Slope & Forest KSAS Buffer,3356,1.333,1119,-0.333,17.7,6498,4890,51.3,0.397,0.936,0.05,0.765,0.236,boulder_stream | camping | canopy_walk | crystal_clear_river | dusunic_culture | fresh_milk | gelato | handicraft_tamu | handicrafts | highland_vegetables | kinabalu_park_substation | kinabalu_viewpoint | kundasang_plateau | little_new_zealand | mount_kinabalu_view | mountain_view | mountain_vista | pineapples | polumpung_melangkap | rafflesia_blooming | sulphur_hot_springs | wooden_lookout_tower,Federal Road & Express Coach,Majlis Daerah Ranau (MDRanau)
DST_090,Sabah,Tawau,Tawau,4.2498,117.8871,2718,4035,4403,5447,5246,5851,9281,6254,Accommodation Inventory,4403,0.916,0,0.084,17.7,6498,4890,51.3,0.7,0.1,0.35,0.95,0.65,amplang_crackers | dried_seafood | indonesian_batik | largest_indoor_market,Federal Road & Express Coach,Majlis Perbandaran Tawau (MPT)
DST_091,Sabah,Sandakan,Sandakan,5.8394,118.1172,3732,5618,6046,7585,7304,8146,12922,8708,Accommodation Inventory,6046,0.929,0,0.071,17.7,6498,4890,51.3,0.88,0.98,0.7,0.85,0.65,agnes_keith_house | bornea_sun_bears | labuk_bay_proboscis | memorial_park | sepilok_orangutans,Federal Road & Express Coach,Majlis Perbandaran Sandakan (MPS)
DST_092,Sabah,Keningau,Keningau,5.34,116.1601,1176,1209,1905,1632,1571,1753,2780,1874,Attraction Core Space Turnover,1571,0.769,0,0.231,17.7,6498,4890,51.3,0.6,0.88,0.05,0.65,0.45,crocker_range_park | inland_plateau | murut_cultural_centre | oath_stone | waterfalls,Federal Road & Express Coach,Majlis Daerah Keningau (MDK)
DST_093,Sabah,Penampang,Penampang,5.9125,116.1158,2006,2570,3250,3469,3341,3726,5911,3983,Accommodation Inventory,3250,0.791,0,0.209,17.7,6498,4890,51.3,0.95,0.65,0.15,0.85,0.7,kaamatan_harvest | kadazandusun_heartland | monsopiad_cultural_village | st_michaels_church,Federal Road & Express Coach,Majlis Daerah Penampang (MDPenampang)
DST_094,Sabah,Tuaran,Tuaran,6.1794,116.2306,2226,3015,3606,4070,3919,4371,6933,4673,Accommodation Inventory,3606,0.836,0,0.164,17.7,6498,4890,51.3,0.65,0.75,0.9,0.88,0.55,bajau_horsemen | dalit_bay_resort | rumah_terbalik | tamu_tuaran | tuaran_mee,Federal Road & Express Coach,Majlis Daerah Tuaran (MDTuaran)
DST_095,Sabah,Kudat,Kudat,6.8833,116.8333,1436,1586,2326,2141,2061,2299,3647,2458,Attraction Core Space Turnover,2061,0.769,0,0.231,17.7,6498,4890,51.3,0.75,0.85,0.98,0.7,0.35,gong_making_village | rungus_longhouses | simpang_mengayau | tip_of_borneo | virgin_beaches,Federal Road & Express Coach,Lembaga Bandaran Kudat (LBK)
DST_096,Sabah,Lahad Datu,Lahad Datu,5.0267,118.3275,1169,1235,1894,1667,1605,1791,2840,1914,Attraction Core Space Turnover,1605,0.769,0,0.231,17.7,6498,4890,51.3,0.35,0.99,0.65,0.5,0.35,borneo_pygmy_elephants | danum_valley_conservation | primary_rainforest | tabin_wildlife_reserve,Federal Road & Express Coach,Majlis Daerah Lahad Datu (MDLD)
DST_097,Sabah,Semporna,Semporna,4.4819,118.6111,3479,5078,5636,6855,6601,4316,11678,7870,Clean Water Buffer (SPAN Reserve),4316,1.176,762,-0.176,17.7,6498,4890,51.3,0.391,0.969,0.98,0.369,0.135,bajau_laut_stilt_villages | coral_reefs | epic_viewpoint | extinct_volcano_crater | giant_clam_hatchery | muck_diving | turquoise_lagoon | water_bungalows,Federal Road & Express Coach,Majlis Daerah Semporna (MDSemporna)
DST_098,Sarawak,Kuching,Kuching,1.5533,110.344,6508,10466,10543,14129,13605,15175,24071,16222,Accommodation Inventory,10543,0.993,0,0.007,8.4,6947,5504,44.2,0.339,0.161,0.106,0.838,0.939,colonial_square | darul_hana_bridge | department_stores | dining_court | family_leisure | fashion | foodbazaar | fort_margherita | imax_cinema | international_retail | kek_lapis | largest_mall_sarawak | premier_mall | regional_mall | sarawak_river | supermarket | tapioca_dining,Federal Road & Express Coach,Dewan Bandaraya Kuching Utara (DBKU) / Majlis Bandaraya Kuching Selatan (MBKS) / Majlis Perbandaran Padawan (MPP)
DST_099,Sarawak,Sibu,Sibu,2.2873,111.8306,3880,5551,6286,7494,7217,8050,12768,8605,Accommodation Inventory,6286,0.883,0,0.117,8.4,6947,5504,44.2,0.457,0.069,0.05,0.805,0.832,base_jumping | central_sarawak_mall | civic_square | community_center | department_store | hypermarket | iban_produce | kampua_mee | largest_market_in_malaysia | live_poultry_newspaper | retail_chains | tallest_building_sibu,Federal Road & Express Coach,Majlis Perbandaran Sibu (SMC) / Majlis Daerah Luar Bandar Sibu (MDLBS)
DST_100,Sarawak,Bintulu,Bintulu,3.1706,113.0402,3919,5701,6349,7696,7411,8266,13112,8837,Accommodation Inventory,6349,0.898,0,0.102,8.4,6947,5504,44.2,0.104,0.072,0.406,0.721,0.898,bbq_picnic | belacan_bintulu | casuarina_coast | coastal_breeze | commercial_hub | h&m | new_town | parkson | retail | seafront_lifestyle_mall | starbucks_reserve | supermarket,Federal Road & Express Coach,Lembaga Kemajuan Bintulu (BDA)
DST_101,Sarawak,Miri,Miri,4.4148,114.0089,4417,6741,7156,9101,8764,9775,15505,10449,Accommodation Inventory,7156,0.942,0,0.058,8.4,6947,5504,44.2,0.65,0.99,0.9,0.85,0.85,grand_old_lady | gunung_mulu_national_park | luak_esplanade | niah_caves | unesco_world_heritage,Federal Road & Express Coach,Majlis Bandaraya Miri (MBM)
DST_102,Sarawak,Sri Aman,Sri Aman,1.2384,111.4621,1324,1361,2145,1837,1769,1973,3130,2109,Attraction Core Space Turnover,1769,0.769,0,0.231,8.4,6947,5504,44.2,0.8,0.75,0.05,0.65,0.35,batang_lupar_tidal_bore | benak_festival | fort_alice | peaceful_town | river_heritage,Federal Road & Express Coach,Majlis Daerah Sri Aman (MDSA)
DST_103,Sarawak,Samarahan,Samarahan,1.4583,110.45,1953,2489,3164,3359,3235,3608,5724,3857,Accommodation Inventory,3164,0.787,0,0.213,8.4,6947,5504,44.2,0.35,0.6,0.3,0.7,0.65,asajaya_agritourism | batang_sadong_bridge | kota_samarahan_education | riverine_coast,Federal Road & Express Coach,Majlis Perbandaran Kota Samarahan (MPKS)
DST_104,Sarawak,Limbang,Limbang,4.75,115.0,1234,1282,1999,1731,1667,1860,2950,1988,Attraction Core Space Turnover,1667,0.769,0,0.231,8.4,6947,5504,44.2,0.5,0.85,0.2,0.65,0.4,brunei_border_transit | bukit_mas_park | mud_volcanoes | tamu_limbang,Federal Road & Express Coach,Majlis Daerah Limbang (MDLimbang)
DST_105,Sarawak,Mukah,Mukah,2.8958,112.0917,1597,1788,2587,2414,2324,2592,4112,2771,Attraction Core Space Turnover,2324,0.769,0,0.231,8.4,6947,5504,44.2,0.95,0.6,0.85,0.92,0.35,kaul_festival | lamin_dana | melanau_heritage | sago_agritourism | traditional_tall_houses,Federal Road & Express Coach,Majlis Daerah Dalat dan Mukah (MDDM)
DST_106,Sarawak,Sarikei,Sarikei,2.1167,111.5167,1147,1220,1858,1648,1587,1770,2807,1892,Attraction Core Space Turnover,1587,0.769,0,0.231,8.4,6947,5504,44.2,0.4,0.7,0.15,0.9,0.4,pineapple_capital | rejang_riverfront | sarikei_oranges | sebangkoi_country_park,Federal Road & Express Coach,Majlis Daerah Sarikei (MDSarikei) / Majlis Daerah Maradong dan Julau (MDMJ)
DST_107,Sarawak,Kapit,Kapit,2.0167,112.9333,1388,1419,2249,1915,1844,2057,3263,2199,Attraction Core Space Turnover,1844,0.769,0,0.231,8.4,6947,5504,44.2,0.92,0.92,0.05,0.6,0.3,fort_sylvia | iban_longhouses | pelagus_rapids | rainforest_interior | rejang_river_express,Federal Road & Express Coach,Majlis Daerah Kapit (MDKapit)
DST_108,W.P. Kuala Lumpur,W.P. Kuala Lumpur,W.P. Kuala Lumpur,3.139,101.6869,15000,23969,24300,20134,31160,34756,55130,37153,Transport / Roadway Gridlock,20134,1.19,3835,-0.19,1.0,13985,10802,61.4,0.245,0.084,0.05,0.817,0.97,aquaria_klcc | art_deco_heritage | bargain_shopping | batik_crafting | bukit_bintang | chinatown | cinemas | crystal_fountain | department_store | dining | esports | exhibition_centre | exhibition_halls | family_mall | festive_shopping | food_hall | heritage_temples | indoor_arena | indoor_roller_coaster | international_exhibitions | jalan_tuanku_abdul_rahman | japanese_retail | kasturi_walk | klcc_park | lifestyle_mall | lifestyle_shopping | lrt_ktm_transit | luxury_couture | luxury_shopping | malaysian_handicrafts | mega_concerts | megamall | mice_tourism | monorail_connected | national_convention_hub | national_sports_complex | night_market | petronas_twin_towers | plenary_hall | political_heritage | pudu_jail_heritage_gate | retail_bazaar | retail_diversity | rooftop_garden | skybridge | street_food | the_gardens | tokyo_street | wtc_connected,Federal Road & Express Coach,Dewan Bandaraya Kuala Lumpur (DBKL)
DST_109,W.P. Putrajaya,W.P. Putrajaya,W.P. Putrajaya,2.9264,101.6964,15000,18498,24300,24972,24047,26821,42544,28671,Attraction Core Space Turnover,24047,0.769,0,0.231,0.2,13846,10769,55.5,0.496,0.381,0.073,0.554,0.879,architectural_bridges | bmx_trail | botanical_collections | boulevard | canoeing_kayaking | ceremonial_plaza | commercial_offices | cycling | dining | english_sunflower_gardens | european_pine_trees | extreme_sports | family_dining | flamingos_birdwatching | gsc_cinema | hilltop_convention_centre | hilltop_jogging | iconic_symbol | indoor_rock_climbing | islamic_architecture | kite_flying | lake_boat_tour | lake_setting | lakefront_dining | lakefront_mosque | lakefront_sanctuary | lakefront_walk | lookout_tower | man_made_wetland | masjid_putra_adjacent | moroccan_pavilion | national_day_parade | nature_education | night_lights | palace_of_justice | panoramic_city_view | pending_perak_architecture | perahu_dondang_sayang | picnic_haven | pink_granite | presint_4 | prime_ministers_office | retail | shopping_mall | skate_park | spiritual_modern | state_flags | steel_architecture | sunset_cruise | swimming_pool | unesco_heritage_tree_park | watersports | wire_mesh_screens,Federal Road & Express Coach,Perbadanan Putrajaya (PPj)
DST_110,W.P. Labuan,W.P. Labuan,W.P. Labuan,5.2831,115.2308,15000,19387,24300,26172,25203,28111,44590,30050,Accommodation Inventory,24300,0.798,0,0.202,2.0,8555,7383,34.8,0.426,0.443,0.707,0.561,0.445,anzac_day | bbq_picnics | brunai_malay_culture | chalets | cinema | civic_square | coastal_breeze | coconut_drink | colonial_flame_tree | commonwealth_war_graves | convention_hall | coral_snorkeling | domed_aviary | duty_free_mall | family_leisure | fishing_spots | food_stalls | football_field | fresh_fish | homestays | hornbills | kuraman_island | longest_beach | marine_museum | national_day_events | nature_walk | offshore_financial_hub | peace_park | peace_park_adjacent | pine_trees | promenade | rock_formations | rustic_beach | rusukan_islands | satay | sea_challenge | sea_turtle_nesting | seaside_market | shipwreck_diving | stilt_houses | sunset_spot | surrender_point | tropical_birds | water_sports_complex | water_village | wooden_boardwalks | ww2_history,Federal Road & Express Coach,Perbadanan Labuan (PL)
