ksas_code,jenis_ksas,tahap,nama,luas_h,akt_1,akt_syarat,akt_0,negeri,daerah,bp,bpk,tahun_data,lat,lon,radius_m,area_derived,radius_basis,sumber,representation,keyakinan,label_peta,key
KSAS 2,"Kawasan Bukit, Tanah Tinggi dan Kawasan Cerun",Tahap 1,Cameron Highlands (Tanah Rata),71200.0,Pertanian tanah tinggi,Mematuhi syarat pihak berkuasa + RT; pertanian sedia ada tertakluk SMA,Perbandaran,Pahang,Cameron Highlands,NA,NA,2025,4.4735,101.3789,15000,True,circle-equivalent of district-scale highland zone (~712 km2),"PPP KSAS Jadual 4 (KSAS 2 Tahap 1: >=1,000 m); RTD Cameron Highlands 2030",district-scale circular proxy — NOT the gazetted KSAS polygon,disahkan,Cameron KSAS,ksas02_cameron_highlands
KSAS 2,"Kawasan Bukit, Tanah Tinggi dan Kawasan Cerun",Tahap 1,Fraser's Hill (Bukit Fraser),,Pertanian tanah tinggi,Mematuhi syarat pihak berkuasa + RT; pertanian sedia ada tertakluk SMA,Perbandaran,Pahang,Raub,NA,NA,2025,3.7117,101.7367,8000,False,town-node buffer (luas tidak diterbitkan di sini),PPP KSAS Jadual 4 (KSAS 2 Tahap 1); koordinat bandar Bukit Fraser,town-node circular proxy — NOT the gazetted KSAS polygon,wakil,Fraser KSAS,ksas02_fraser_s
KSAS 1,Hutan Simpanan Kekal (HSK),Tahap 2,Matang Mangrove Forest Reserve,40288.0,Pengusahasilan hutan,Kebenaran PBN; Pengurusan Hutan Secara Berkekalan; ladang hutan hanya di zon Jabatan Perhutanan,Perbandaran,Perak,Larut & Matang,NA,NA,2025,4.8342,100.6167,11500,True,"circle-equivalent of 40,288 ha reserve","PLOS ONE (MMFR 40,288 ha); NASA (~40,000 ha); gazetted 1906; Akta Perhutanan Negara 1984",reserve-scale circular proxy of crescent reserve — NOT the reserve boundary,disahkan,Matang KSAS,ksas01_matang_mangrove
KSAS 1,Hutan Simpanan Kekal (HSK),Tahap 1,Endau-Rompin (Johor),48905.0,Ekopelancongan dan rekreasi,Berintensiti rendah; kawalan carrying capacity,Perbandaran,Johor,Mersing,NA,NA,2025,2.45,103.35,12500,True,"circle-equivalent of 48,905 ha Johor portion","Johor National Parks Corporation (48,905 ha Johor portion); Hutan Perlindungan rationale",park-scale circular proxy — NOT the gazetted HSK boundary,disahkan,Endau KSAS,ksas01_endau_rompin
KSAS 3,Kawasan Simpanan Mineral,Tahap 3,Kinta Limestone Aggregate Belt,,Ekopelancongan dan rekreasi; Penyelidikan dan pendidikan; Perlombongan,Perlombongan perlu kebenaran PBN dan mematuhi syarat yang ditetapkan,-,Perak,Kinta,NA,NA,2025,4.55,101.05,8000,False,simpanan-semasa node buffer (luas tidak diterbitkan di sini),PPP KSAS Jadual 4 (KSAS 3 Tahap 3); JMG mineral belt (wakil node),resource-belt node proxy — NOT a gazetted simpanan boundary,wakil,Kinta KSAS,ksas03_kinta_limestone
KSAS 4,Kawasan Risiko Bencana,Tahap 1,Kelantan Floodplain (Sg Kelantan basin),,Infrastruktur dan utiliti berkepentingan negara,Patuhi pihak berkuasa + RT; laporan geologi dan mitigasi risiko bencana,Semua pembangunan selain infrastruktur dan utiliti berkepentingan negara,Kelantan,Kota Bharu,NA,NA,2025,6.13,102.24,8000,False,bencana-node buffer (sem padan daripada kajian teknikal/PBT berkenaan),PPP KSAS Jadual 4 (KSAS 4 Tahap 1: risiko tinggi); JPS flood records (wakil node),hazard-node proxy — sempadan sebenar daripada kajian teknikal berkenaan,wakil,Kelantan KSAS,ksas04_kelantan_floodplain
KSAS 5,Warisan Kebudayaan Ketara dan Warisan Semula Jadi,Tahap 2,George Town UNESCO Core,259.0,Ekopelancongan dan rekreasi; Penyelidikan dan pendidikan; Infrastruktur dan utiliti,Intensiti rendah; kawalan carrying capacity; laporan berkaitan warisan,Perbandaran; Pertanian; Perlombongan,Pulau Pinang,Timur Laut,NA,NA,2025,5.4141,100.3288,1000,True,circle-equivalent of 259 ha core+buffer,UNESCO WHS 2008 (259.42 ha core+buffer); Akta Warisan Kebangsaan 2005,heritage-core circular proxy — NOT the gazetted WHS boundary,disahkan,George Town KSAS,ksas05_george_town
KSAS 5,Warisan Kebudayaan Ketara dan Warisan Semula Jadi,Tahap 2,Gua Tempurung,,Ekopelancongan dan rekreasi; Penyelidikan dan pendidikan; Infrastruktur dan utiliti,Intensiti rendah; kawalan carrying capacity; laporan berkaitan warisan,Perbandaran; Pertanian; Perlombongan,Perak,Kampar,NA,NA,2025,4.42,101.19,8000,False,tapak-node buffer (luas tidak diterbitkan di sini),PPP KSAS Jadual 4 (KSAS 5 Tahap 2: warisan semula jadi geologi); contoh nama Jadual 7,site-node circular proxy — NOT a gazetted boundary,wakil,Tempurung KSAS,ksas05_gua_tempurung
KSAS 5,Warisan Kebudayaan Ketara dan Warisan Semula Jadi,Tahap 2,Kinabalu Park WHS,75370.0,Ekopelancongan dan rekreasi; Penyelidikan dan pendidikan; Infrastruktur dan utiliti,Intensiti rendah; kawalan carrying capacity; laporan berkaitan warisan,Perbandaran; Pertanian; Perlombongan,Sabah,Ranau,NA,NA,2025,6.075,116.5583,15500,True,"circle-equivalent of 75,370 ha World Heritage property","UNESCO WHC 1012 (75,370 ha); Sabah Parks (gazetted 1964; Enakmen 1984)",park-scale circular proxy centred on summit — NOT the KUGGp territory,disahkan,Kinabalu KSAS,ksas05_kinabalu_park
KSAS 6,Kawasan Perlindungan Hidupan Liar,Tahap 1,Taman Negara (Kuala Tahan),434351.0,Ekopelancongan dan rekreasi; Penyelidikan dan pendidikan; Infrastruktur dan utiliti,Intensiti rendah; kawalan carrying capacity,Perbandaran; Pengusahasilan hutan; Pertanian; Perlombongan,Pahang,Jerantut,NA,NA,2025,4.3833,102.4,16000,False,gateway catchment node buffer; whole-park circle-equiv (~37.2 km) deliberately NOT used,"UNESCO tentative list 5927 (434,351 ha; Pahang 57%); Enakmen 1938/39; PERHILITAN",gateway-node circular proxy — does NOT depict the tri-state park boundary,disahkan,Taman Negara KSAS,ksas06_taman_negara
KSAS 6,Kawasan Perlindungan Hidupan Liar,Tahap 1,Royal Belum State Park,117500.0,Ekopelancongan dan rekreasi; Penyelidikan dan pendidikan; Infrastruktur dan utiliti,Intensiti rendah; kawalan carrying capacity,Perbandaran; Pengusahasilan hutan; Pertanian; Perlombongan,Perak,Hulu Perak,NA,NA,2025,5.55,101.35,19500,True,"circle-equivalent of 117,500 ha state park","Perak State Parks Corporation (117,500 ha taman negeri)",park-scale circular proxy — NOT the gazetted park boundary,disahkan,Belum KSAS,ksas06_royal_belum
KSAS 7,"Kawasan Empangan, Tadahan Air dan Imbuhan Air Bawah Tanah",Tahap 1,Empangan Kenyir,26000.0,Infrastruktur empangan; Ekopelancongan dan rekreasi; Penyelidikan dan pendidikan,Intensiti rendah; teknologi hijau tidak menjejaskan ekosistem; pencemar berhampiran empangan dilarang,Perbandaran; Pembalakan; Pertanian; Perlombongan,Terengganu,Hulu Terengganu,NA,NA,2025,5.0,102.8,9000,True,circle-equivalent of ~260 km2 lake,PPP KSAS Jadual 4 (KSAS 7 Tahap 1: empangan sedia ada); tasik ~260 km2 (anggaran),reservoir-scale circular proxy — NOT the empangan reserve boundary,anggaran,Kenyir KSAS,ksas07_empangan_kenyir
KSAS 8,Dataran Banjir,Tahap 2,Sungai Pahang Meander (Temerloh),,Ekopelancongan dan rekreasi; Penyelidikan dan pendidikan; Infrastruktur dan utiliti; Kawasan takungan dan landskap,Tidak cemar sumber air; reka bentuk ambil kira risiko banjir; tidak halang laluan air,Semua pembangunan selain yang dibenarkan,Pahang,Temerloh,NA,NA,2025,3.45,102.42,8000,False,river-reach node buffer (sempadan daripada kajian JPS berkenaan),PPP KSAS Jadual 4 (KSAS 8 Tahap 2); JPS reach records (wakil node),reach-node proxy — sempadan sebenar daripada kajian teknikal berkenaan,wakil,Pahang KSAS,ksas08_sungai_pahang
KSAS 9,Tanah Bencah dan Tanah Gambut,Tahap 1,Tasek Bera Ramsar,38446.0,Ekopelancongan dan rekreasi; Penyelidikan dan pendidikan; Infrastruktur dan utiliti,Berintensiti rendah,Perbandaran; Pembalakan; Pertanian; Perlombongan,Pahang,Bera,NA,NA,2025,3.08,102.62,11000,True,"circle-equivalent of 38,446 ha Ramsar catchment","Ramsar Site 674 (38,446 ha; listed 1994); tapak tanah bencah diwartakan",catchment-scale circular proxy — NOT the Ramsar boundary,disahkan,Bera KSAS,ksas09_tasek_bera
KSAS 9,Tanah Bencah dan Tanah Gambut,Tahap 2,Pekan-Nenasi Peatland,,Perikanan; Akuakultur; Infrastruktur dan utiliti,Patuhi pihak berkuasa + RT; kajian kesesuaian tapak sebelum dibangunkan,Perbandaran; Pertanian kelapa sawit; Perlombongan,Pahang,Pekan,NA,NA,2025,3.35,103.35,8000,False,gambut-node buffer (ketebalan/keluasan daripada kajian tanah berkenaan),PPP KSAS Jadual 4/5 (KSAS 9 Tahap 2: tanah gambut); wakil node,peat-node proxy — zon risiko sebenar daripada kajian tanah berkenaan,wakil,Gambut KSAS,ksas09_pekan_nenasi
KSAS 10,Tasik dan Sungai,Tahap 3,Tasik Chini Biosphere,,Ekopelancongan dan rekreasi; Penyelidikan dan pendidikan; Infrastruktur dan utiliti,Mematuhi syarat pihak berkuasa + RT,-,Pahang,Pekan,NA,NA,2025,3.43,102.91,8000,False,tasik-node buffer (sempadan rizab daripada PBT berkenaan),UNESCO Biosphere Reserve 2009; tasik semula jadi (wakil node),lake-node circular proxy — NOT the reserve boundary,wakil,Chini KSAS,ksas10_tasik_chini
KSAS 10,Tasik dan Sungai,Tahap 3,Sungai Tembeling,,Ekopelancongan dan rekreasi; Penyelidikan dan pendidikan; Infrastruktur dan utiliti,Mematuhi syarat pihak berkuasa + RT,Pertanian; Industri; Perumahan,Pahang,Jerantut,NA,NA,2025,4.2,102.35,8000,False,river-reach node buffer (sempadan daripada kajian JPS berkenaan),PPP KSAS Jadual 4 (KSAS 10 Tahap 3: sungai nilai sokongan); wakil node,reach-node proxy — sempadan sebenar daripada kajian teknikal berkenaan,wakil,Tembeling KSAS,ksas10_sungai_tembeling
KSAS 11,Kawasan Persisiran Pantai,Tahap 1,Cherating Turtle Beach,,Ekopelancongan dan rekreasi; Penyelidikan dan pendidikan; Infrastruktur dan utiliti,Berintensiti rendah,-,Pahang,Kuantan,NA,NA,2025,4.13,103.39,8000,False,pantai-node buffer (penentuan tahap merujuk NCVI/RFZPPN2 berkenaan),PPP KSAS Jadual 4 (KSAS 11 Tahap 1: sokongan hidup/risiko/warisan tinggi); tapak pendaratan penyu,beach-node proxy — 5 km kedaratan / 3 batu nautika sebenar daripada pelan berkenaan,wakil,Cherating KSAS,ksas11_cherating_turtle
KSAS 12,Kawasan Perlindungan Marin,Tahap 1,Taman Laut Pulau Tioman,,Ekopelancongan dan rekreasi; Penyelidikan dan pendidikan; Infrastruktur dan utiliti,Intensiti rendah; kawalan carrying capacity,Perikanan dan akuakultur,Pahang,Rompin,NA,NA,2025,2.79,104.17,8000,False,marin-node buffer (sempadan taman laut daripada Jabatan Perikanan berkenaan),PPP KSAS Jadual 4 (KSAS 12 Tahap 1: taman laut diwartakan); Akta Perikanan 1985,marine-node proxy — NOT the gazetted marine park boundary,wakil,Tioman KSAS,ksas12_taman_laut
KSAS 13,Kawasan Keterjaminan Makanan,Tahap 1,Jelapang Padi MADA,100000.0,Kemudahan sokongan aktiviti pertanian; Infrastruktur dan utiliti,Mematuhi syarat pihak berkuasa + RT; tanaman selain padi tidak dibenarkan,Semua pembangunan selain kemudahan sokongan pertanian,Kedah,Kota Setar,NA,NA,2025,6.12,100.37,18000,True,"circle-equivalent of ~100,000 ha scheme","MADA scheme area ~100,000 ha (anggaran); PPP KSAS Jadual 4 (KSAS 13 Tahap 1)",scheme-scale circular proxy — NOT the jelapang boundary,anggaran,MADA KSAS,ksas13_jelapang_padi
KSAS 14,Kawasan Bekas Lombong dan Kuari,Tahap 2,Mamut Copper Mine (ex-mine),,Boleh dipertimbangkan untuk semua jenis pembangunan dengan syarat pihak berkuasa + RT,Mematuhi syarat pihak berkuasa + RT,Perikanan,Sabah,Ranau,NA,NA,2025,6.02,116.66,8000,False,bekas-lombong node buffer (rekod lombong berkenaan),PPP KSAS Jadual 4/5 (KSAS 14 Tahap 2: bekas lombong bernilai warisan); rekod lombong Mamut,ex-mine node proxy — NOT a surveyed boundary,wakil,Mamut KSAS,ksas14_mamut_copper
KSAS 15,Bekas dan Tapak Pelupusan Sisa Pepejal,Tahap 3,Seelong Sanitary Landfill,,Taman awam; Infrastruktur dan utiliti,Rujuk Panduan Pemuliharaan Bekas Tapak Pelupusan (Jabatan Landskap Negara),-,Johor,Kulai,NA,NA,2025,1.6,103.65,8000,False,tapak-node buffer (rekod PBT berkenaan),PPP KSAS Jadual 4 (KSAS 15 Tahap 3); tapak sanitari PBT (wakil node),site-node proxy — saiz/lokasi sebenar daripada rekod PBT berkenaan,wakil,Seelong KSAS,ksas15_seelong_sanitary
