source_file,year,period,state,domestic_guests,foreign_guests,total_guests
hotel_guests_2017.pdf,2017,Annual,Kuala Lumpur,6715078,7264872,9436404
hotel_guests_2017.pdf,2017,Annual,Putrajaya,337901,343147,166473
hotel_guests_2017.pdf,2017,Annual,Selangor,2440004,2793468,1624265
hotel_guests_2017.pdf,2017,Annual,Perak,2325974,2466507,267517
hotel_guests_2017.pdf,2017,Annual,Kedah,2474404,2591488,1281471
hotel_guests_2017.pdf,2017,Annual,Perlis,182673,177689,6237
hotel_guests_2017.pdf,2017,Annual,Melaka,2840620,3086394,1804544
hotel_guests_2017.pdf,2017,Annual,Johor,4431801,4780989,2581983
hotel_guests_2017.pdf,2017,Annual,Pahang,7930172,8416913,2369945
hotel_guests_2017.pdf,2017,Annual,Terengganu,1516335,1621301,192530
hotel_guests_2017.pdf,2017,Annual,Kelantan,1139021,1143783,57664
hotel_guests_2017.pdf,2017,Annual,Sabah,4136390,4192579,2036610
hotel_guests_2017.pdf,2017,Annual,Labuan,539660,523031,111815
hotel_guests_2017.pdf,2017,Annual,Sarawak,4069647,4421786,599985
hotel_guests_2018.pdf,2018,Annual,Kuala Lumpur,7264872,8020019,10717479
hotel_guests_2018.pdf,2018,Annual,Putrajaya,343147,350112,177602
hotel_guests_2018.pdf,2018,Annual,Selangor,2793468,3631221,1688659
hotel_guests_2018.pdf,2018,Annual,Perak,2466507,2613616,267245
hotel_guests_2018.pdf,2018,Annual,Kedah,2591488,2661145,1407261
hotel_guests_2018.pdf,2018,Annual,Perlis,177689,177376,5943
hotel_guests_2018.pdf,2018,Annual,Melaka,3086394,3388803,1704386
hotel_guests_2018.pdf,2018,Annual,Johor,4780989,5002635,2624972
hotel_guests_2018.pdf,2018,Annual,Pahang,8416913,8956297,2563991
hotel_guests_2018.pdf,2018,Annual,Terengganu,1621301,1712595,188044
hotel_guests_2018.pdf,2018,Annual,Kelantan,1143783,1169007,57337
hotel_guests_2018.pdf,2018,Annual,Sabah,4192579,4278378,2548491
hotel_guests_2018.pdf,2018,Annual,Labuan,523031,443745,105710
hotel_guests_2018.pdf,2018,Annual,Sarawak,4421786,4398256,599812
hotel_guests_2019.pdf,2019,Annual,Kuala Lumpur,8020019,7397154,11602079
hotel_guests_2019.pdf,2019,Annual,Putrajaya,350112,306920,188740
hotel_guests_2019.pdf,2019,Annual,Selangor,3631221,3548963,1998361
hotel_guests_2019.pdf,2019,Annual,Perak,2613616,2623351,291253
hotel_guests_2019.pdf,2019,Annual,Kedah,2661145,2663052,1589344
hotel_guests_2019.pdf,2019,Annual,Perlis,177376,179724,5910
hotel_guests_2019.pdf,2019,Annual,Melaka,3359290,3252525,1555103
hotel_guests_2019.pdf,2019,Annual,Johor,5002635,5020019,2615254
hotel_guests_2019.pdf,2019,Annual,Pahang,8956297,8877064,2686594
hotel_guests_2019.pdf,2019,Annual,Terengganu,1712595,1738426,179556
hotel_guests_2019.pdf,2019,Annual,Kelantan,1169007,1050577,54075
hotel_guests_2019.pdf,2019,Annual,Sabah,4278378,4228391,3108364
hotel_guests_2019.pdf,2019,Annual,Labuan,443745,430038,89643
hotel_guests_2019.pdf,2019,Annual,Sarawak,4398257,4306725,560511
hotel_guests_2020.pdf,2020,Annual,Kuala Lumpur,7397154,4514383,10931619
hotel_guests_2020.pdf,2020,Annual,Putrajaya,306920,173400,178498
hotel_guests_2020.pdf,2020,Annual,Selangor,3548963,1653005,1866153
hotel_guests_2020.pdf,2020,Annual,Perak,2623351,1128553,293256
hotel_guests_2020.pdf,2020,Annual,Kedah,2663052,2118912,1583215
hotel_guests_2020.pdf,2020,Annual,Perlis,179724,126013,5700
hotel_guests_2020.pdf,2020,Annual,Melaka,3252525,1262949,1465372
hotel_guests_2020.pdf,2020,Annual,Johor,5020019,3472179,2548685
hotel_guests_2020.pdf,2020,Annual,Pahang,8877064,6784431,2754449
hotel_guests_2020.pdf,2020,Annual,Terengganu,1738426,1325099,179324
hotel_guests_2020.pdf,2020,Annual,Kelantan,1050577,556340,49211
hotel_guests_2020.pdf,2020,Annual,Sabah,4228391,1311390,3057376
hotel_guests_2020.pdf,2020,Annual,Labuan,430038,251661,75447
hotel_guests_2020.pdf,2020,Annual,Sarawak,4306725,2709100,539599
hotel_guests_2021.pdf,2021,Annual,Kuala Lumpur,4514383,2269693,1584088
hotel_guests_2021.pdf,2021,Annual,Putrajaya,173400,131950,20874
hotel_guests_2021.pdf,2021,Annual,Selangor,1653005,1672198,322618
hotel_guests_2021.pdf,2021,Annual,Pulau Pinang,2336054,1309198,526295
hotel_guests_2021.pdf,2021,Annual,Perak,1128553,1270301,55135
hotel_guests_2021.pdf,2021,Annual,Kedah,2118912,1545860,375582
hotel_guests_2021.pdf,2021,Annual,Perlis,126013,99366,1113
hotel_guests_2021.pdf,2021,Annual,Negeri Sembilan,980525,638649,66437
hotel_guests_2021.pdf,2021,Annual,Melaka,1262949,906686,180422
hotel_guests_2021.pdf,2021,Annual,Johor,3472179,1943093,418237
hotel_guests_2021.pdf,2021,Annual,Pahang,6784431,1911852,517572
hotel_guests_2021.pdf,2021,Annual,Terengganu,1325099,1222617,19796
hotel_guests_2021.pdf,2021,Annual,Kelantan,556340,473601,4520
hotel_guests_2021.pdf,2021,Annual,Sabah,1311390,1255960,486344
hotel_guests_2021.pdf,2021,Annual,Labuan,251661,146331,21737
hotel_guests_2021.pdf,2021,Annual,Sarawak,2709100,3074724,100257
hotel_guests_2022.pdf,2022,Annual,Kuala Lumpur,8330471,2269693,4281244
hotel_guests_2022.pdf,2022,Annual,Putrajaya,398834,131950,56610
hotel_guests_2022.pdf,2022,Annual,Selangor,5170158,1672198,1572497
hotel_guests_2022.pdf,2022,Annual,Pulau Pinang,4327806,1309198,1256628
hotel_guests_2022.pdf,2022,Annual,Perak,4387020,1270301,333306
hotel_guests_2022.pdf,2022,Annual,Kedah,3214369,1545860,589439
hotel_guests_2022.pdf,2022,Annual,Perlis,264470,99366,4709
hotel_guests_2022.pdf,2022,Annual,Negeri Sembilan,1887811,638649,89048
hotel_guests_2022.pdf,2022,Annual,Melaka,3275627,906686,536249
hotel_guests_2022.pdf,2022,Annual,Johor,5730117,1943093,2039675
hotel_guests_2022.pdf,2022,Annual,Pahang,8329953,1911852,1689554
hotel_guests_2022.pdf,2022,Annual,Terengganu,2701850,1222617,86846
hotel_guests_2022.pdf,2022,Annual,Kelantan,1267208,473601,36969
hotel_guests_2022.pdf,2022,Annual,Sabah,4731974,1255960,677103
hotel_guests_2022.pdf,2022,Annual,Labuan,354819,146331,31025
hotel_guests_2022.pdf,2022,Annual,Sarawak,5676138,3074724,618251
hotel_guests_2023_Q1.pdf,2023,Q1,Kuala Lumpur,2615280,965970,1817398
hotel_guests_2023_Q1.pdf,2023,Q1,Putrajaya,120234,57038,28203
hotel_guests_2023_Q1.pdf,2023,Q1,Selangor,1505986,591364,560848
hotel_guests_2023_Q1.pdf,2023,Q1,Pulau Pinang,1162653,605618,408498
hotel_guests_2023_Q1.pdf,2023,Q1,Perak,1053223,684330,130171
hotel_guests_2023_Q1.pdf,2023,Q1,Kedah,687424,539119,332299
hotel_guests_2023_Q1.pdf,2023,Q1,Perlis,79377,55621,1619
hotel_guests_2023_Q1.pdf,2023,Q1,Negeri Sembilan,509964,231641,56661
hotel_guests_2023_Q1.pdf,2023,Q1,Melaka,863000,506180,324965
hotel_guests_2023_Q1.pdf,2023,Q1,Johor,1686541,928703,475689
hotel_guests_2023_Q1.pdf,2023,Q1,Pahang,2620635,1293345,645354
hotel_guests_2023_Q1.pdf,2023,Q1,Terengganu,646793,546383,26948
hotel_guests_2023_Q1.pdf,2023,Q1,Kelantan,344696,223797,14361
hotel_guests_2023_Q1.pdf,2023,Q1,Sabah,1114466,763724,500701
hotel_guests_2023_Q1.pdf,2023,Q1,Labuan,85738,53992,10596
hotel_guests_2023_Q1.pdf,2023,Q1,Sarawak,1248604,970337,237828
hotel_guests_2023_Q2.pdf,2023,Q2,Kuala Lumpur,3239005,4616772,923683
hotel_guests_2023_Q2.pdf,2023,Q2,Putrajaya,154534,227049,15224
hotel_guests_2023_Q2.pdf,2023,Q2,Selangor,2012447,2915415,463033
hotel_guests_2023_Q2.pdf,2023,Q2,Pulau Pinang,1767731,2170912,234725
hotel_guests_2023_Q2.pdf,2023,Q2,Perak,1823665,2093246,77929
hotel_guests_2023_Q2.pdf,2023,Q2,Kedah,1419745,1357094,104372
hotel_guests_2023_Q2.pdf,2023,Q2,Perlis,117456,146034,1712
hotel_guests_2023_Q2.pdf,2023,Q2,Negeri Sembilan,724710,975928,26274
hotel_guests_2023_Q2.pdf,2023,Q2,Melaka,1374637,1564201,143078
hotel_guests_2023_Q2.pdf,2023,Q2,Johor,2541676,3039457,495923
hotel_guests_2023_Q2.pdf,2023,Q2,Pahang,3773668,5195722,478393
hotel_guests_2023_Q2.pdf,2023,Q2,Terengganu,1274666,1267573,16471
hotel_guests_2023_Q2.pdf,2023,Q2,Kelantan,590866,662957,8790
hotel_guests_2023_Q2.pdf,2023,Q2,Sabah,2105942,2080426,103877
hotel_guests_2023_Q2.pdf,2023,Q2,Labuan,151105,169927,11044
hotel_guests_2023_Q2.pdf,2023,Q2,Sarawak,2545002,2465423,91053
hotel_guests_2023_Q3.pdf,2023,Q3,Kuala Lumpur,5645988,6866963,2337308
hotel_guests_2023_Q3.pdf,2023,Q3,Putrajaya,280887,354595,32453
hotel_guests_2023_Q3.pdf,2023,Q3,Selangor,3566418,4460983,1009022
hotel_guests_2023_Q3.pdf,2023,Q3,Pulau Pinang,2982277,3319501,707048
hotel_guests_2023_Q3.pdf,2023,Q3,Perak,3094984,3252338,173619
hotel_guests_2023_Q3.pdf,2023,Q3,Kedah,2257274,2005229,340598
hotel_guests_2023_Q3.pdf,2023,Q3,Perlis,182997,224924,3049
hotel_guests_2023_Q3.pdf,2023,Q3,Negeri Sembilan,1241951,1537795,47825
hotel_guests_2023_Q3.pdf,2023,Q3,Melaka,2282416,2449440,303274
hotel_guests_2023_Q3.pdf,2023,Q3,Johor,4162868,4507947,1158100
hotel_guests_2023_Q3.pdf,2023,Q3,Pahang,5939090,7714853,1054011
hotel_guests_2023_Q3.pdf,2023,Q3,Terengganu,2072155,1769708,67374
hotel_guests_2023_Q3.pdf,2023,Q3,Kelantan,955870,1015435,23998
hotel_guests_2023_Q3.pdf,2023,Q3,Sabah,3520584,3100855,315260
hotel_guests_2023_Q3.pdf,2023,Q3,Labuan,260958,497337,20596
hotel_guests_2023_Q3.pdf,2023,Q3,Sarawak,4214384,3855348,297381
hotel_guests_2023_Q4.pdf,2023,Q4,Kuala Lumpur,9712689,8330471,8701780
hotel_guests_2023_Q4.pdf,2023,Q4,Putrajaya,508102,398834,151626
hotel_guests_2023_Q4.pdf,2023,Q4,Selangor,5985054,5170158,2787168
hotel_guests_2023_Q4.pdf,2023,Q4,Pulau Pinang,4795567,4327806,2476959
hotel_guests_2023_Q4.pdf,2023,Q4,Perak,4274117,4387020,867665
hotel_guests_2023_Q4.pdf,2023,Q4,Kedah,2761947,3214369,1561751
hotel_guests_2023_Q4.pdf,2023,Q4,Perlis,317353,264470,6730
hotel_guests_2023_Q4.pdf,2023,Q4,Negeri Sembilan,2097075,1887811,340372
hotel_guests_2023_Q4.pdf,2023,Q4,Melaka,3363245,3275627,1538630
hotel_guests_2023_Q4.pdf,2023,Q4,Johor,6055964,5730117,3531649
hotel_guests_2023_Q4.pdf,2023,Q4,Pahang,10222376,8329953,3212597
hotel_guests_2023_Q4.pdf,2023,Q4,Terengganu,2378908,2701850,206327
hotel_guests_2023_Q4.pdf,2023,Q4,Kelantan,1343953,1267208,59273
hotel_guests_2023_Q4.pdf,2023,Q4,Sabah,4489761,4731974,2221221
hotel_guests_2023_Q4.pdf,2023,Q4,Labuan,591083,354819,77075
hotel_guests_2023_Q4.pdf,2023,Q4,Sarawak,5402584,5676138,1218196
hotel_guests_2025_Q1.pdf,2025,Q1,Kuala Lumpur,2208370,2321780,2963404
hotel_guests_2025_Q1.pdf,2025,Q1,Putrajaya,139542,122539,9246
hotel_guests_2025_Q1.pdf,2025,Q1,Selangor,1528770,1369054,37435
hotel_guests_2025_Q1.pdf,2025,Q1,Pulau Pinang,1283470,1149860,13375
hotel_guests_2025_Q1.pdf,2025,Q1,Perak,1029130,1030351,35131
hotel_guests_2025_Q1.pdf,2025,Q1,Kedah,879742,871220,8214
hotel_guests_2025_Q1.pdf,2025,Q1,Perlis,82885,2466,2952
hotel_guests_2025_Q1.pdf,2025,Q1,Negeri Sembilan,455413,454954,23436
hotel_guests_2025_Q1.pdf,2025,Q1,Melaka,795314,880011,34410
hotel_guests_2025_Q1.pdf,2025,Q1,Johor,1907604,1787096,71716
hotel_guests_2025_Q1.pdf,2025,Q1,Pahang,2794296,2970851,50185
hotel_guests_2025_Q1.pdf,2025,Q1,Terengganu,501351,544285,4848
hotel_guests_2025_Q1.pdf,2025,Q1,Kelantan,335153,356257,8735
hotel_guests_2025_Q1.pdf,2025,Q1,Sabah,1082021,1048233,73862
hotel_guests_2025_Q1.pdf,2025,Q1,Labuan,98667,5989,4991
hotel_guests_2025_Q1.pdf,2025,Q1,Sarawak,1197673,1195390,22741
hotel_guests_2026_Q1.pdf,2026,Q1,Kuala Lumpur,2267764,2345823,3006280
hotel_guests_2026_Q1.pdf,2026,Q1,Putrajaya,149806,133096,43476
hotel_guests_2026_Q1.pdf,2026,Q1,Selangor,1427371,1404499,1051718
hotel_guests_2026_Q1.pdf,2026,Q1,Pulau Pinang,1205594,1182267,967742
hotel_guests_2026_Q1.pdf,2026,Q1,Perak,1052266,990696,243130
hotel_guests_2026_Q1.pdf,2026,Q1,Kedah,663448,680473,655094
hotel_guests_2026_Q1.pdf,2026,Q1,Perlis,79844,78654,2055
hotel_guests_2026_Q1.pdf,2026,Q1,Negeri Sembilan,509812,477302,121795
hotel_guests_2026_Q1.pdf,2026,Q1,Melaka,796162,786669,412121
hotel_guests_2026_Q1.pdf,2026,Q1,Johor,1671116,1758096,619148
hotel_guests_2026_Q1.pdf,2026,Q1,Pahang,2106030,2217306,649698
hotel_guests_2026_Q1.pdf,2026,Q1,Terengganu,479266,494592,75676
hotel_guests_2026_Q1.pdf,2026,Q1,Kelantan,322083,332844,13271
hotel_guests_2026_Q1.pdf,2026,Q1,Sabah,1033898,1004521,689242
hotel_guests_2026_Q1.pdf,2026,Q1,Labuan,80551,97594,21053
hotel_guests_2026_Q1.pdf,2026,Q1,Sarawak,1168961,1184655,259166
