source_file,year,month,arrival_type,origin_market,arrivals_count
2014_excursionist_arrivals_annual.pdf,2014,annual,excursionist,Brunei,1757
2014_excursionist_arrivals_annual.pdf,2014,annual,excursionist,Indonesia,4861
2014_excursionist_arrivals_annual.pdf,2014,annual,excursionist,Philippines,1441
2014_excursionist_arrivals_annual.pdf,2014,annual,excursionist,Singapore,67418
2014_excursionist_arrivals_annual.pdf,2014,annual,excursionist,Thailand,1148
2014_excursionist_arrivals_annual.pdf,2014,annual,excursionist,China,5776
2014_excursionist_arrivals_annual.pdf,2014,annual,excursionist,Japan,886
2014_excursionist_arrivals_annual.pdf,2014,annual,excursionist,India,3459
2015_excursionist_arrivals_annual.pdf,2015,annual,excursionist,Brunei,2858
2015_excursionist_arrivals_annual.pdf,2015,annual,excursionist,Indonesia,1158
2015_excursionist_arrivals_annual.pdf,2015,annual,excursionist,Philippines,623
2015_excursionist_arrivals_annual.pdf,2015,annual,excursionist,Singapore,27096
2015_excursionist_arrivals_annual.pdf,2015,annual,excursionist,Thailand,1245
2015_excursionist_arrivals_annual.pdf,2015,annual,excursionist,China,4264
2015_excursionist_arrivals_annual.pdf,2015,annual,excursionist,Japan,624
2015_excursionist_arrivals_annual.pdf,2015,annual,excursionist,India,1332
2016_excursionist_arrivals_annual.pdf,2016,annual,excursionist,Brunei,20215
2016_excursionist_arrivals_annual.pdf,2016,annual,excursionist,Indonesia,28894
2016_excursionist_arrivals_annual.pdf,2016,annual,excursionist,Philippines,10279
2016_excursionist_arrivals_annual.pdf,2016,annual,excursionist,Singapore,489103
2016_excursionist_arrivals_annual.pdf,2016,annual,excursionist,Thailand,22345
2016_excursionist_arrivals_annual.pdf,2016,annual,excursionist,China,17911
2016_excursionist_arrivals_annual.pdf,2016,annual,excursionist,Japan,7475
2016_excursionist_arrivals_annual.pdf,2016,annual,excursionist,India,9622
2017_excursionist_arrivals_annual.pdf,2017,annual,excursionist,Brunei,55729
2017_excursionist_arrivals_annual.pdf,2017,annual,excursionist,Indonesia,30750
2017_excursionist_arrivals_annual.pdf,2017,annual,excursionist,Philippines,11021
2017_excursionist_arrivals_annual.pdf,2017,annual,excursionist,Singapore,511937
2017_excursionist_arrivals_annual.pdf,2017,annual,excursionist,Thailand,25784
2017_excursionist_arrivals_annual.pdf,2017,annual,excursionist,China,19920
2017_excursionist_arrivals_annual.pdf,2017,annual,excursionist,Japan,6481
2017_excursionist_arrivals_annual.pdf,2017,annual,excursionist,India,9342
2018_excursionist_arrivals_annual.pdf,2018,annual,excursionist,Brunei,30577
2018_excursionist_arrivals_annual.pdf,2018,annual,excursionist,Indonesia,26287
2018_excursionist_arrivals_annual.pdf,2018,annual,excursionist,Philippines,8992
2018_excursionist_arrivals_annual.pdf,2018,annual,excursionist,Singapore,500191
2018_excursionist_arrivals_annual.pdf,2018,annual,excursionist,Thailand,23022
2018_excursionist_arrivals_annual.pdf,2018,annual,excursionist,China,18928
2018_excursionist_arrivals_annual.pdf,2018,annual,excursionist,Japan,6795
2018_excursionist_arrivals_annual.pdf,2018,annual,excursionist,India,9615
2019_excursionist_arrivals_annual.pdf,2019,annual,excursionist,Brunei,22426
2019_excursionist_arrivals_annual.pdf,2019,annual,excursionist,Indonesia,24330
2019_excursionist_arrivals_annual.pdf,2019,annual,excursionist,Philippines,11122
2019_excursionist_arrivals_annual.pdf,2019,annual,excursionist,Singapore,648923
2019_excursionist_arrivals_annual.pdf,2019,annual,excursionist,Thailand,26122
2019_excursionist_arrivals_annual.pdf,2019,annual,excursionist,China,20137
2019_excursionist_arrivals_annual.pdf,2019,annual,excursionist,Japan,7144
2019_excursionist_arrivals_annual.pdf,2019,annual,excursionist,India,10345
2020_excursionist_may.pdf,2020,MAY,excursionist,Thailand,7233
2020_excursionist_may.pdf,2020,MAY,excursionist,Brunei,37185
2020_excursionist_may.pdf,2020,MAY,excursionist,Indonesia,20055
2020_excursionist_may.pdf,2020,MAY,excursionist,Singapore,620017
2020_excursionist_may.pdf,2020,MAY,excursionist,Philippines,16595
2020_excursionist_may.pdf,2020,MAY,excursionist,United Kingdom,3946
2020_excursionist_may.pdf,2020,MAY,excursionist,China,20429
2020_excursionist_may.pdf,2020,MAY,excursionist,India,9641
2020_excursionist_may.pdf,2020,MAY,excursionist,Japan,6930
2020_excursionist_may.pdf,2020,MAY,excursionist,Australia,3630
2021_excursionist_may.pdf,2021,MAY,excursionist,Thailand,21380
2021_excursionist_may.pdf,2021,MAY,excursionist,Brunei,1479
2021_excursionist_may.pdf,2021,MAY,excursionist,Indonesia,1118
2021_excursionist_may.pdf,2021,MAY,excursionist,Philippines,21547
2021_excursionist_may.pdf,2021,MAY,excursionist,Singapore,1325816
2021_excursionist_may.pdf,2021,MAY,excursionist,United Kingdom,8396
2021_excursionist_may.pdf,2021,MAY,excursionist,Japan,14654
2021_excursionist_may.pdf,2021,MAY,excursionist,China,23487
2021_excursionist_may.pdf,2021,MAY,excursionist,India,19220
2021_excursionist_may.pdf,2021,MAY,excursionist,Australia,11638
2022_excursionist_may.pdf,2022,MAY,excursionist,Singapore,146511
2022_excursionist_may.pdf,2022,MAY,excursionist,Thailand,20118
2022_excursionist_may.pdf,2022,MAY,excursionist,Indonesia,1825
2022_excursionist_may.pdf,2022,MAY,excursionist,China,720
2022_excursionist_may.pdf,2022,MAY,excursionist,Philippines,786
2022_excursionist_may.pdf,2022,MAY,excursionist,India,1749
2022_excursionist_may.pdf,2022,MAY,excursionist,Japan,1469
2022_excursionist_may.pdf,2022,MAY,excursionist,United Kingdom,1015
2022_excursionist_may.pdf,2022,MAY,excursionist,Australia,893
2022_excursionist_may.pdf,2022,MAY,excursionist,Brunei,605
2023_excursionist_may.pdf,2023,MAY,excursionist,Singapore,439801
2023_excursionist_may.pdf,2023,MAY,excursionist,Thailand,58839
2023_excursionist_may.pdf,2023,MAY,excursionist,Brunei,31544
2023_excursionist_may.pdf,2023,MAY,excursionist,Indonesia,29310
2023_excursionist_may.pdf,2023,MAY,excursionist,China,10148
2023_excursionist_may.pdf,2023,MAY,excursionist,Philippines,8968
2023_excursionist_may.pdf,2023,MAY,excursionist,India,7476
2023_excursionist_may.pdf,2023,MAY,excursionist,Japan,3033
2023_excursionist_may.pdf,2023,MAY,excursionist,Australia,4550
2023_excursionist_may.pdf,2023,MAY,excursionist,United Kingdom,3188
2024_excursionist_may.pdf,2024,MAY,excursionist,Singapore,794763
2024_excursionist_may.pdf,2024,MAY,excursionist,Thailand,48366
2024_excursionist_may.pdf,2024,MAY,excursionist,Brunei,63968
2024_excursionist_may.pdf,2024,MAY,excursionist,Indonesia,42924
2024_excursionist_may.pdf,2024,MAY,excursionist,China,24520
2024_excursionist_may.pdf,2024,MAY,excursionist,India,15942
2024_excursionist_may.pdf,2024,MAY,excursionist,Philippines,13155
2024_excursionist_may.pdf,2024,MAY,excursionist,Japan,3418
2024_excursionist_may.pdf,2024,MAY,excursionist,United Kingdom,3648
2024_excursionist_may.pdf,2024,MAY,excursionist,Australia,4530
2024_tourist_arrivals_apr.pdf,2024,APR,tourist,Singapore,856086
2024_tourist_arrivals_apr.pdf,2024,APR,tourist,Indonesia,257352
2024_tourist_arrivals_apr.pdf,2024,APR,tourist,China,228054
2024_tourist_arrivals_apr.pdf,2024,APR,tourist,Thailand,147146
2024_tourist_arrivals_apr.pdf,2024,APR,tourist,Brunei,105407
2024_tourist_arrivals_apr.pdf,2024,APR,tourist,India,81746
2024_tourist_arrivals_apr.pdf,2024,APR,tourist,United Kingdom,37792
2024_tourist_arrivals_apr.pdf,2024,APR,tourist,Australia,29280
2024_tourist_arrivals_apr.pdf,2024,APR,tourist,Philippines,40673
2024_tourist_arrivals_apr.pdf,2024,APR,tourist,Japan,27445
2024_tourist_arrivals_aug.pdf,2024,AUG,tourist,Singapore,701392
2024_tourist_arrivals_aug.pdf,2024,AUG,tourist,China,410863
2024_tourist_arrivals_aug.pdf,2024,AUG,tourist,Indonesia,320959
2024_tourist_arrivals_aug.pdf,2024,AUG,tourist,Thailand,135574
2024_tourist_arrivals_aug.pdf,2024,AUG,tourist,Brunei,94791
2024_tourist_arrivals_aug.pdf,2024,AUG,tourist,India,86819
2024_tourist_arrivals_aug.pdf,2024,AUG,tourist,Japan,27098
2024_tourist_arrivals_aug.pdf,2024,AUG,tourist,Philippines,35988
2024_tourist_arrivals_aug.pdf,2024,AUG,tourist,United Kingdom,32644
2024_tourist_arrivals_aug.pdf,2024,AUG,tourist,Australia,35097
2024_tourist_arrivals_dec.pdf,2024,DEC,tourist,Singapore,699138
2024_tourist_arrivals_dec.pdf,2024,DEC,tourist,Indonesia,268141
2024_tourist_arrivals_dec.pdf,2024,DEC,tourist,China,216067
2024_tourist_arrivals_dec.pdf,2024,DEC,tourist,Thailand,112010
2024_tourist_arrivals_dec.pdf,2024,DEC,tourist,Brunei,75096
2024_tourist_arrivals_dec.pdf,2024,DEC,tourist,India,94121
2024_tourist_arrivals_dec.pdf,2024,DEC,tourist,Australia,27817
2024_tourist_arrivals_dec.pdf,2024,DEC,tourist,Philippines,31527
2024_tourist_arrivals_dec.pdf,2024,DEC,tourist,United Kingdom,25580
2024_tourist_arrivals_dec.pdf,2024,DEC,tourist,Japan,23498
2024_tourist_arrivals_feb.pdf,2024,FEB,tourist,Singapore,520795
2024_tourist_arrivals_feb.pdf,2024,FEB,tourist,China,220595
2024_tourist_arrivals_feb.pdf,2024,FEB,tourist,Indonesia,312632
2024_tourist_arrivals_feb.pdf,2024,FEB,tourist,Thailand,129293
2024_tourist_arrivals_feb.pdf,2024,FEB,tourist,Brunei,83754
2024_tourist_arrivals_feb.pdf,2024,FEB,tourist,India,66777
2024_tourist_arrivals_feb.pdf,2024,FEB,tourist,United Kingdom,29612
2024_tourist_arrivals_feb.pdf,2024,FEB,tourist,Philippines,23580
2024_tourist_arrivals_feb.pdf,2024,FEB,tourist,Australia,41002
2024_tourist_arrivals_feb.pdf,2024,FEB,tourist,Japan,21973
2024_tourist_arrivals_jan.pdf,2024,JAN,tourist,Singapore,1034239
2024_tourist_arrivals_jan.pdf,2024,JAN,tourist,Indonesia,347520
2024_tourist_arrivals_jan.pdf,2024,JAN,tourist,China,168464
2024_tourist_arrivals_jan.pdf,2024,JAN,tourist,Thailand,126318
2024_tourist_arrivals_jan.pdf,2024,JAN,tourist,Brunei,139069
2024_tourist_arrivals_jan.pdf,2024,JAN,tourist,India,84143
2024_tourist_arrivals_jan.pdf,2024,JAN,tourist,Australia,47279
2024_tourist_arrivals_jan.pdf,2024,JAN,tourist,United Kingdom,29519
2024_tourist_arrivals_jan.pdf,2024,JAN,tourist,Philippines,39640
2024_tourist_arrivals_jan.pdf,2024,JAN,tourist,Japan,22446
2024_tourist_arrivals_jul.pdf,2024,JUL,tourist,Singapore,973697
2024_tourist_arrivals_jul.pdf,2024,JUL,tourist,China,264661
2024_tourist_arrivals_jul.pdf,2024,JUL,tourist,Indonesia,339253
2024_tourist_arrivals_jul.pdf,2024,JUL,tourist,Thailand,130311
2024_tourist_arrivals_jul.pdf,2024,JUL,tourist,Brunei,86531
2024_tourist_arrivals_jul.pdf,2024,JUL,tourist,India,111817
2024_tourist_arrivals_jul.pdf,2024,JUL,tourist,Philippines,42354
2024_tourist_arrivals_jul.pdf,2024,JUL,tourist,Australia,32743
2024_tourist_arrivals_jul.pdf,2024,JUL,tourist,United Kingdom,23113
2024_tourist_arrivals_jul.pdf,2024,JUL,tourist,Japan,20527
2024_tourist_arrivals_jun.pdf,2024,JUN,tourist,Singapore,703234
2024_tourist_arrivals_jun.pdf,2024,JUN,tourist,Indonesia,296438
2024_tourist_arrivals_jun.pdf,2024,JUN,tourist,China,229354
2024_tourist_arrivals_jun.pdf,2024,JUN,tourist,Thailand,139704
2024_tourist_arrivals_jun.pdf,2024,JUN,tourist,India,129082
2024_tourist_arrivals_jun.pdf,2024,JUN,tourist,Brunei,88987
2024_tourist_arrivals_jun.pdf,2024,JUN,tourist,Philippines,29911
2024_tourist_arrivals_jun.pdf,2024,JUN,tourist,Australia,22655
2024_tourist_arrivals_jun.pdf,2024,JUN,tourist,United Kingdom,22542
2024_tourist_arrivals_jun.pdf,2024,JUN,tourist,Japan,19975
2024_tourist_arrivals_mar.pdf,2024,MAR,tourist,Singapore,643418
2024_tourist_arrivals_mar.pdf,2024,MAR,tourist,Indonesia,282665
2024_tourist_arrivals_mar.pdf,2024,MAR,tourist,China,310123
2024_tourist_arrivals_mar.pdf,2024,MAR,tourist,Thailand,130320
2024_tourist_arrivals_mar.pdf,2024,MAR,tourist,Brunei,96429
2024_tourist_arrivals_mar.pdf,2024,MAR,tourist,India,64691
2024_tourist_arrivals_mar.pdf,2024,MAR,tourist,Philippines,28149
2024_tourist_arrivals_mar.pdf,2024,MAR,tourist,United Kingdom,34175
2024_tourist_arrivals_mar.pdf,2024,MAR,tourist,Australia,25843
2024_tourist_arrivals_mar.pdf,2024,MAR,tourist,Japan,24084
2024_tourist_arrivals_may.pdf,2024,MAY,tourist,Singapore,578777
2024_tourist_arrivals_may.pdf,2024,MAY,tourist,Indonesia,298290
2024_tourist_arrivals_may.pdf,2024,MAY,tourist,China,196924
2024_tourist_arrivals_may.pdf,2024,MAY,tourist,Thailand,137009
2024_tourist_arrivals_may.pdf,2024,MAY,tourist,India,83380
2024_tourist_arrivals_may.pdf,2024,MAY,tourist,Brunei,104891
2024_tourist_arrivals_may.pdf,2024,MAY,tourist,Philippines,27400
2024_tourist_arrivals_may.pdf,2024,MAY,tourist,Australia,27408
2024_tourist_arrivals_may.pdf,2024,MAY,tourist,United Kingdom,28311
2024_tourist_arrivals_may.pdf,2024,MAY,tourist,Japan,18680
2024_tourist_arrivals_nov.pdf,2024,NOV,tourist,Singapore,853068
2024_tourist_arrivals_nov.pdf,2024,NOV,tourist,Indonesia,319081
2024_tourist_arrivals_nov.pdf,2024,NOV,tourist,China,290847
2024_tourist_arrivals_nov.pdf,2024,NOV,tourist,Thailand,168745
2024_tourist_arrivals_nov.pdf,2024,NOV,tourist,India,99833
2024_tourist_arrivals_nov.pdf,2024,NOV,tourist,Brunei,76080
2024_tourist_arrivals_nov.pdf,2024,NOV,tourist,Philippines,35782
2024_tourist_arrivals_nov.pdf,2024,NOV,tourist,Australia,33204
2024_tourist_arrivals_nov.pdf,2024,NOV,tourist,United Kingdom,28128
2024_tourist_arrivals_nov.pdf,2024,NOV,tourist,Japan,29128
2024_tourist_arrivals_oct.pdf,2024,OCT,tourist,Singapore,729532
2024_tourist_arrivals_oct.pdf,2024,OCT,tourist,Indonesia,282534
2024_tourist_arrivals_oct.pdf,2024,OCT,tourist,China,245615
2024_tourist_arrivals_oct.pdf,2024,OCT,tourist,Thailand,127645
2024_tourist_arrivals_oct.pdf,2024,OCT,tourist,India,91203
2024_tourist_arrivals_oct.pdf,2024,OCT,tourist,Brunei,77919
2024_tourist_arrivals_oct.pdf,2024,OCT,tourist,Philippines,29787
2024_tourist_arrivals_oct.pdf,2024,OCT,tourist,Australia,31087
2024_tourist_arrivals_oct.pdf,2024,OCT,tourist,Japan,26842
2024_tourist_arrivals_oct.pdf,2024,OCT,tourist,United Kingdom,21457
2024_tourist_arrivals_sep.pdf,2024,SEP,tourist,Singapore,789761
2024_tourist_arrivals_sep.pdf,2024,SEP,tourist,Indonesia,291768
2024_tourist_arrivals_sep.pdf,2024,SEP,tourist,China,425211
2024_tourist_arrivals_sep.pdf,2024,SEP,tourist,Thailand,139807
2024_tourist_arrivals_sep.pdf,2024,SEP,tourist,India,99645
2024_tourist_arrivals_sep.pdf,2024,SEP,tourist,Brunei,124758
2024_tourist_arrivals_sep.pdf,2024,SEP,tourist,Australia,25738
2024_tourist_arrivals_sep.pdf,2024,SEP,tourist,Philippines,34197
2024_tourist_arrivals_sep.pdf,2024,SEP,tourist,Japan,40638
2024_tourist_arrivals_sep.pdf,2024,SEP,tourist,United Kingdom,32626
2025_excursionist_aug.pdf,2025,AUG,excursionist,Singapore,980114
2025_excursionist_aug.pdf,2025,AUG,excursionist,Thailand,57095
2025_excursionist_aug.pdf,2025,AUG,excursionist,China,66557
2025_excursionist_aug.pdf,2025,AUG,excursionist,Brunei,42174
2025_excursionist_aug.pdf,2025,AUG,excursionist,Indonesia,45033
2025_excursionist_aug.pdf,2025,AUG,excursionist,India,23869
2025_excursionist_aug.pdf,2025,AUG,excursionist,Philippines,15674
2025_excursionist_aug.pdf,2025,AUG,excursionist,Japan,5471
2025_excursionist_aug.pdf,2025,AUG,excursionist,United Kingdom,4238
2025_excursionist_aug.pdf,2025,AUG,excursionist,Australia,7187
2025_excursionist_dec.pdf,2025,DEC,excursionist,Singapore,960549
2025_excursionist_dec.pdf,2025,DEC,excursionist,Thailand,62690
2025_excursionist_dec.pdf,2025,DEC,excursionist,Brunei,48717
2025_excursionist_dec.pdf,2025,DEC,excursionist,China,58443
2025_excursionist_dec.pdf,2025,DEC,excursionist,Indonesia,41662
2025_excursionist_dec.pdf,2025,DEC,excursionist,India,24094
2025_excursionist_dec.pdf,2025,DEC,excursionist,Philippines,15777
2025_excursionist_dec.pdf,2025,DEC,excursionist,Australia,5997
2025_excursionist_dec.pdf,2025,DEC,excursionist,Japan,6812
2025_excursionist_dec.pdf,2025,DEC,excursionist,United Kingdom,4468
2025_excursionist_jun.pdf,2025,JUN,excursionist,Singapore,1079964
2025_excursionist_jun.pdf,2025,JUN,excursionist,China,61306
2025_excursionist_jun.pdf,2025,JUN,excursionist,Thailand,74693
2025_excursionist_jun.pdf,2025,JUN,excursionist,Brunei,47495
2025_excursionist_jun.pdf,2025,JUN,excursionist,Indonesia,43141
2025_excursionist_jun.pdf,2025,JUN,excursionist,India,35833
2025_excursionist_jun.pdf,2025,JUN,excursionist,Philippines,20172
2025_excursionist_jun.pdf,2025,JUN,excursionist,Australia,4721
2025_excursionist_jun.pdf,2025,JUN,excursionist,Japan,5750
2025_excursionist_jun.pdf,2025,JUN,excursionist,United Kingdom,4488
2025_excursionist_may.pdf,2025,MAY,excursionist,Singapore,969736
2025_excursionist_may.pdf,2025,MAY,excursionist,Thailand,66870
2025_excursionist_may.pdf,2025,MAY,excursionist,China,51967
2025_excursionist_may.pdf,2025,MAY,excursionist,Brunei,42087
2025_excursionist_may.pdf,2025,MAY,excursionist,Indonesia,50075
2025_excursionist_may.pdf,2025,MAY,excursionist,India,28811
2025_excursionist_may.pdf,2025,MAY,excursionist,Philippines,16223
2025_excursionist_may.pdf,2025,MAY,excursionist,Japan,4799
2025_excursionist_may.pdf,2025,MAY,excursionist,Australia,7229
2025_excursionist_may.pdf,2025,MAY,excursionist,United Kingdom,5526
2025_excursionist_nov.pdf,2025,NOV,excursionist,Singapore,903877
2025_excursionist_nov.pdf,2025,NOV,excursionist,Thailand,71130
2025_excursionist_nov.pdf,2025,NOV,excursionist,China,59982
2025_excursionist_nov.pdf,2025,NOV,excursionist,Brunei,50665
2025_excursionist_nov.pdf,2025,NOV,excursionist,Indonesia,39185
2025_excursionist_nov.pdf,2025,NOV,excursionist,India,22778
2025_excursionist_nov.pdf,2025,NOV,excursionist,Philippines,14892
2025_excursionist_nov.pdf,2025,NOV,excursionist,Japan,7282
2025_excursionist_nov.pdf,2025,NOV,excursionist,Australia,6391
2025_excursionist_nov.pdf,2025,NOV,excursionist,United Kingdom,4377
2025_excursionist_oct.pdf,2025,OCT,excursionist,Singapore,970326
2025_excursionist_oct.pdf,2025,OCT,excursionist,Thailand,70205
2025_excursionist_oct.pdf,2025,OCT,excursionist,China,54809
2025_excursionist_oct.pdf,2025,OCT,excursionist,Brunei,42918
2025_excursionist_oct.pdf,2025,OCT,excursionist,Indonesia,37956
2025_excursionist_oct.pdf,2025,OCT,excursionist,India,24941
2025_excursionist_oct.pdf,2025,OCT,excursionist,Philippines,15423
2025_excursionist_oct.pdf,2025,OCT,excursionist,Japan,5798
2025_excursionist_oct.pdf,2025,OCT,excursionist,Australia,5289
2025_excursionist_oct.pdf,2025,OCT,excursionist,United Kingdom,3719
2025_tourist_arrivals_apr.pdf,2025,APR,tourist,Singapore,798783
2025_tourist_arrivals_apr.pdf,2025,APR,tourist,Indonesia,269155
2025_tourist_arrivals_apr.pdf,2025,APR,tourist,China,256068
2025_tourist_arrivals_apr.pdf,2025,APR,tourist,Thailand,125935
2025_tourist_arrivals_apr.pdf,2025,APR,tourist,India,96715
2025_tourist_arrivals_apr.pdf,2025,APR,tourist,Brunei,87405
2025_tourist_arrivals_apr.pdf,2025,APR,tourist,Australia,24986
2025_tourist_arrivals_apr.pdf,2025,APR,tourist,United Kingdom,33444
2025_tourist_arrivals_apr.pdf,2025,APR,tourist,Philippines,30030
2025_tourist_arrivals_apr.pdf,2025,APR,tourist,Japan,32529
2025_tourist_arrivals_feb.pdf,2025,FEB,tourist,Singapore,759604
2025_tourist_arrivals_feb.pdf,2025,FEB,tourist,Indonesia,394234
2025_tourist_arrivals_feb.pdf,2025,FEB,tourist,China,425586
2025_tourist_arrivals_feb.pdf,2025,FEB,tourist,Thailand,155630
2025_tourist_arrivals_feb.pdf,2025,FEB,tourist,India,98821
2025_tourist_arrivals_feb.pdf,2025,FEB,tourist,Brunei,84995
2025_tourist_arrivals_feb.pdf,2025,FEB,tourist,United Kingdom,33111
2025_tourist_arrivals_feb.pdf,2025,FEB,tourist,Japan,25680
2025_tourist_arrivals_feb.pdf,2025,FEB,tourist,Philippines,30503
2025_tourist_arrivals_feb.pdf,2025,FEB,tourist,Australia,54627
2025_tourist_arrivals_jan.pdf,2025,JAN,tourist,Singapore,1050829
2025_tourist_arrivals_jan.pdf,2025,JAN,tourist,China,249048
2025_tourist_arrivals_jan.pdf,2025,JAN,tourist,Indonesia,382555
2025_tourist_arrivals_jan.pdf,2025,JAN,tourist,Thailand,141647
2025_tourist_arrivals_jan.pdf,2025,JAN,tourist,India,124217
2025_tourist_arrivals_jan.pdf,2025,JAN,tourist,Brunei,127491
2025_tourist_arrivals_jan.pdf,2025,JAN,tourist,Australia,50754
2025_tourist_arrivals_jan.pdf,2025,JAN,tourist,United Kingdom,29458
2025_tourist_arrivals_jan.pdf,2025,JAN,tourist,Philippines,41564
2025_tourist_arrivals_jan.pdf,2025,JAN,tourist,Japan,27995
2025_tourist_arrivals_jul.pdf,2025,JUL,tourist,Singapore,945817
2025_tourist_arrivals_jul.pdf,2025,JUL,tourist,China,310975
2025_tourist_arrivals_jul.pdf,2025,JUL,tourist,Indonesia,334498
2025_tourist_arrivals_jul.pdf,2025,JUL,tourist,Thailand,134976
2025_tourist_arrivals_jul.pdf,2025,JUL,tourist,India,111868
2025_tourist_arrivals_jul.pdf,2025,JUL,tourist,Brunei,97216
2025_tourist_arrivals_jul.pdf,2025,JUL,tourist,Australia,28843
2025_tourist_arrivals_jul.pdf,2025,JUL,tourist,United Kingdom,26446
2025_tourist_arrivals_jul.pdf,2025,JUL,tourist,Philippines,37771
2025_tourist_arrivals_jul.pdf,2025,JUL,tourist,Japan,23037
2025_tourist_arrivals_mar.pdf,2025,MAR,tourist,Singapore,549726
2025_tourist_arrivals_mar.pdf,2025,MAR,tourist,Indonesia,292149
2025_tourist_arrivals_mar.pdf,2025,MAR,tourist,China,284836
2025_tourist_arrivals_mar.pdf,2025,MAR,tourist,Thailand,136534
2025_tourist_arrivals_mar.pdf,2025,MAR,tourist,India,77656
2025_tourist_arrivals_mar.pdf,2025,MAR,tourist,Brunei,66281
2025_tourist_arrivals_mar.pdf,2025,MAR,tourist,United Kingdom,32573
2025_tourist_arrivals_mar.pdf,2025,MAR,tourist,Japan,29319
2025_tourist_arrivals_mar.pdf,2025,MAR,tourist,Philippines,26418
2025_tourist_arrivals_mar.pdf,2025,MAR,tourist,Australia,24737
2025_tourist_arrivals_may.pdf,2025,MAY,tourist,Singapore,610039
2025_tourist_arrivals_may.pdf,2025,MAY,tourist,China,264582
2025_tourist_arrivals_may.pdf,2025,MAY,tourist,Indonesia,333441
2025_tourist_arrivals_may.pdf,2025,MAY,tourist,Thailand,175206
2025_tourist_arrivals_may.pdf,2025,MAY,tourist,India,109209
2025_tourist_arrivals_may.pdf,2025,MAY,tourist,Brunei,75799
2025_tourist_arrivals_may.pdf,2025,MAY,tourist,Philippines,32474
2025_tourist_arrivals_may.pdf,2025,MAY,tourist,United Kingdom,34864
2025_tourist_arrivals_may.pdf,2025,MAY,tourist,Australia,37823
2025_tourist_arrivals_may.pdf,2025,MAY,tourist,Japan,20286
2025_tourist_aug.pdf,2025,AUG,tourist,Singapore,939065
2025_tourist_aug.pdf,2025,AUG,tourist,China,475628
2025_tourist_aug.pdf,2025,AUG,tourist,Indonesia,361379
2025_tourist_aug.pdf,2025,AUG,tourist,Thailand,122204
2025_tourist_aug.pdf,2025,AUG,tourist,Brunei,72355
2025_tourist_aug.pdf,2025,AUG,tourist,India,104852
2025_tourist_aug.pdf,2025,AUG,tourist,Japan,26849
2025_tourist_aug.pdf,2025,AUG,tourist,United Kingdom,37227
2025_tourist_aug.pdf,2025,AUG,tourist,Philippines,37040
2025_tourist_aug.pdf,2025,AUG,tourist,Australia,40208
2025_tourist_dec.pdf,2025,DEC,tourist,Singapore,770048
2025_tourist_dec.pdf,2025,DEC,tourist,Indonesia,283103
2025_tourist_dec.pdf,2025,DEC,tourist,China,277678
2025_tourist_dec.pdf,2025,DEC,tourist,Thailand,121773
2025_tourist_dec.pdf,2025,DEC,tourist,Brunei,86720
2025_tourist_dec.pdf,2025,DEC,tourist,India,96757
2025_tourist_dec.pdf,2025,DEC,tourist,Australia,35859
2025_tourist_dec.pdf,2025,DEC,tourist,Philippines,36044
2025_tourist_dec.pdf,2025,DEC,tourist,United Kingdom,28933
2025_tourist_dec.pdf,2025,DEC,tourist,Japan,28306
2025_tourist_jun.pdf,2025,JUN,tourist,Singapore,737921
2025_tourist_jun.pdf,2025,JUN,tourist,Indonesia,309533
2025_tourist_jun.pdf,2025,JUN,tourist,China,310458
2025_tourist_jun.pdf,2025,JUN,tourist,Thailand,146909
2025_tourist_jun.pdf,2025,JUN,tourist,India,144187
2025_tourist_jun.pdf,2025,JUN,tourist,Brunei,78501
2025_tourist_jun.pdf,2025,JUN,tourist,Philippines,39725
2025_tourist_jun.pdf,2025,JUN,tourist,Australia,25442
2025_tourist_jun.pdf,2025,JUN,tourist,United Kingdom,28104
2025_tourist_jun.pdf,2025,JUN,tourist,Japan,23151
2025_tourist_nov.pdf,2025,NOV,tourist,Singapore,754949
2025_tourist_nov.pdf,2025,NOV,tourist,Indonesia,277081
2025_tourist_nov.pdf,2025,NOV,tourist,China,316499
2025_tourist_nov.pdf,2025,NOV,tourist,Thailand,169069
2025_tourist_nov.pdf,2025,NOV,tourist,India,101051
2025_tourist_nov.pdf,2025,NOV,tourist,Brunei,77407
2025_tourist_nov.pdf,2025,NOV,tourist,Philippines,36724
2025_tourist_nov.pdf,2025,NOV,tourist,Australia,35261
2025_tourist_nov.pdf,2025,NOV,tourist,United Kingdom,29369
2025_tourist_nov.pdf,2025,NOV,tourist,Japan,28836
2025_tourist_oct.pdf,2025,OCT,tourist,Singapore,711076
2025_tourist_oct.pdf,2025,OCT,tourist,China,293577
2025_tourist_oct.pdf,2025,OCT,tourist,Indonesia,280495
2025_tourist_oct.pdf,2025,OCT,tourist,Thailand,143346
2025_tourist_oct.pdf,2025,OCT,tourist,India,97640
2025_tourist_oct.pdf,2025,OCT,tourist,Brunei,69485
2025_tourist_oct.pdf,2025,OCT,tourist,Philippines,31380
2025_tourist_oct.pdf,2025,OCT,tourist,Australia,31487
2025_tourist_oct.pdf,2025,OCT,tourist,United Kingdom,23771
2025_tourist_oct.pdf,2025,OCT,tourist,Japan,30686
2025_visitor_arrivals_apr.pdf,2025,APR,visitor,Singapore,1805491
2025_visitor_arrivals_apr.pdf,2025,APR,visitor,Indonesia,308413
2025_visitor_arrivals_apr.pdf,2025,APR,visitor,China,307870
2025_visitor_arrivals_apr.pdf,2025,APR,visitor,Thailand,184435
2025_visitor_arrivals_apr.pdf,2025,APR,visitor,India,123949
2025_visitor_arrivals_apr.pdf,2025,APR,visitor,Brunei,135764
2025_visitor_arrivals_apr.pdf,2025,APR,visitor,Philippines,46476
2025_visitor_arrivals_apr.pdf,2025,APR,visitor,Australia,29080
2025_visitor_arrivals_apr.pdf,2025,APR,visitor,United Kingdom,38069
2025_visitor_arrivals_apr.pdf,2025,APR,visitor,Japan,39853
2025_visitor_arrivals_feb.pdf,2025,FEB,visitor,Singapore,1734795
2025_visitor_arrivals_feb.pdf,2025,FEB,visitor,China,483720
2025_visitor_arrivals_feb.pdf,2025,FEB,visitor,Indonesia,443439
2025_visitor_arrivals_feb.pdf,2025,FEB,visitor,Thailand,218063
2025_visitor_arrivals_feb.pdf,2025,FEB,visitor,Brunei,124717
2025_visitor_arrivals_feb.pdf,2025,FEB,visitor,India,123912
2025_visitor_arrivals_feb.pdf,2025,FEB,visitor,Philippines,44395
2025_visitor_arrivals_feb.pdf,2025,FEB,visitor,United Kingdom,37664
2025_visitor_arrivals_feb.pdf,2025,FEB,visitor,Japan,30562
2025_visitor_arrivals_feb.pdf,2025,FEB,visitor,Australia,64988
2025_visitor_arrivals_jan.pdf,2025,JAN,visitor,Singapore,2011940
2025_visitor_arrivals_jan.pdf,2025,JAN,visitor,China,294976
2025_visitor_arrivals_jan.pdf,2025,JAN,visitor,Indonesia,432469
2025_visitor_arrivals_jan.pdf,2025,JAN,visitor,Thailand,189616
2025_visitor_arrivals_jan.pdf,2025,JAN,visitor,Brunei,167620
2025_visitor_arrivals_jan.pdf,2025,JAN,visitor,India,153534
2025_visitor_arrivals_jan.pdf,2025,JAN,visitor,Australia,59585
2025_visitor_arrivals_jan.pdf,2025,JAN,visitor,Philippines,58855
2025_visitor_arrivals_jan.pdf,2025,JAN,visitor,United Kingdom,33613
2025_visitor_arrivals_jan.pdf,2025,JAN,visitor,Japan,33290
2025_visitor_arrivals_jul.pdf,2025,JUL,visitor,Singapore,1944109
2025_visitor_arrivals_jul.pdf,2025,JUL,visitor,China,365909
2025_visitor_arrivals_jul.pdf,2025,JUL,visitor,Indonesia,377691
2025_visitor_arrivals_jul.pdf,2025,JUL,visitor,Thailand,182767
2025_visitor_arrivals_jul.pdf,2025,JUL,visitor,India,142853
2025_visitor_arrivals_jul.pdf,2025,JUL,visitor,Brunei,140939
2025_visitor_arrivals_jul.pdf,2025,JUL,visitor,Philippines,56621
2025_visitor_arrivals_jul.pdf,2025,JUL,visitor,Australia,34179
2025_visitor_arrivals_jul.pdf,2025,JUL,visitor,United Kingdom,30616
2025_visitor_arrivals_jul.pdf,2025,JUL,visitor,Japan,28150
2025_visitor_arrivals_jun.pdf,2025,JUN,visitor,Singapore,1817885
2025_visitor_arrivals_jun.pdf,2025,JUN,visitor,Indonesia,352674
2025_visitor_arrivals_jun.pdf,2025,JUN,visitor,China,371764
2025_visitor_arrivals_jun.pdf,2025,JUN,visitor,Thailand,221602
2025_visitor_arrivals_jun.pdf,2025,JUN,visitor,India,180020
2025_visitor_arrivals_jun.pdf,2025,JUN,visitor,Brunei,125996
2025_visitor_arrivals_jun.pdf,2025,JUN,visitor,Philippines,59897
2025_visitor_arrivals_jun.pdf,2025,JUN,visitor,Australia,30163
2025_visitor_arrivals_jun.pdf,2025,JUN,visitor,United Kingdom,32592
2025_visitor_arrivals_jun.pdf,2025,JUN,visitor,Japan,28901
2025_visitor_arrivals_mar.pdf,2025,MAR,visitor,Singapore,1406201
2025_visitor_arrivals_mar.pdf,2025,MAR,visitor,Indonesia,331555
2025_visitor_arrivals_mar.pdf,2025,MAR,visitor,China,333045
2025_visitor_arrivals_mar.pdf,2025,MAR,visitor,Thailand,189036
2025_visitor_arrivals_mar.pdf,2025,MAR,visitor,Brunei,102549
2025_visitor_arrivals_mar.pdf,2025,MAR,visitor,India,98910
2025_visitor_arrivals_mar.pdf,2025,MAR,visitor,Philippines,40212
2025_visitor_arrivals_mar.pdf,2025,MAR,visitor,Japan,34518
2025_visitor_arrivals_mar.pdf,2025,MAR,visitor,United Kingdom,36482
2025_visitor_arrivals_mar.pdf,2025,MAR,visitor,Australia,29685
2025_visitor_arrivals_may.pdf,2025,MAY,visitor,Singapore,1579775
2025_visitor_arrivals_may.pdf,2025,MAY,visitor,China,316549
2025_visitor_arrivals_may.pdf,2025,MAY,visitor,Indonesia,383516
2025_visitor_arrivals_may.pdf,2025,MAY,visitor,Thailand,242076
2025_visitor_arrivals_may.pdf,2025,MAY,visitor,India,138020
2025_visitor_arrivals_may.pdf,2025,MAY,visitor,Brunei,117886
2025_visitor_arrivals_may.pdf,2025,MAY,visitor,Philippines,48697
2025_visitor_arrivals_may.pdf,2025,MAY,visitor,United Kingdom,40390
2025_visitor_arrivals_may.pdf,2025,MAY,visitor,Australia,45052
2025_visitor_arrivals_may.pdf,2025,MAY,visitor,Japan,25085
2025_visitor_arrivals_oct.pdf,2025,OCT,visitor,Singapore,1681402
2025_visitor_arrivals_oct.pdf,2025,OCT,visitor,China,348386
2025_visitor_arrivals_oct.pdf,2025,OCT,visitor,Indonesia,318451
2025_visitor_arrivals_oct.pdf,2025,OCT,visitor,Thailand,213551
2025_visitor_arrivals_oct.pdf,2025,OCT,visitor,Brunei,112403
2025_visitor_arrivals_oct.pdf,2025,OCT,visitor,India,122581
2025_visitor_arrivals_oct.pdf,2025,OCT,visitor,Philippines,46803
2025_visitor_arrivals_oct.pdf,2025,OCT,visitor,Australia,36776
2025_visitor_arrivals_oct.pdf,2025,OCT,visitor,Japan,36484
2025_visitor_arrivals_oct.pdf,2025,OCT,visitor,United Kingdom,27490
2025_visitor_dec.pdf,2025,DEC,visitor,Singapore,1730597
2025_visitor_dec.pdf,2025,DEC,visitor,Indonesia,324765
2025_visitor_dec.pdf,2025,DEC,visitor,China,336121
2025_visitor_dec.pdf,2025,DEC,visitor,Thailand,184463
2025_visitor_dec.pdf,2025,DEC,visitor,Brunei,135437
2025_visitor_dec.pdf,2025,DEC,visitor,India,120851
2025_visitor_dec.pdf,2025,DEC,visitor,Australia,41856
2025_visitor_dec.pdf,2025,DEC,visitor,Philippines,51821
2025_visitor_dec.pdf,2025,DEC,visitor,United Kingdom,33401
2025_visitor_dec.pdf,2025,DEC,visitor,Japan,35118
2025_visitor_nov.pdf,2025,NOV,visitor,Singapore,1658826
2025_visitor_nov.pdf,2025,NOV,visitor,China,376481
2025_visitor_nov.pdf,2025,NOV,visitor,Indonesia,316266
2025_visitor_nov.pdf,2025,NOV,visitor,Thailand,240199
2025_visitor_nov.pdf,2025,NOV,visitor,Brunei,128072
2025_visitor_nov.pdf,2025,NOV,visitor,India,123829
2025_visitor_nov.pdf,2025,NOV,visitor,Philippines,51616
2025_visitor_nov.pdf,2025,NOV,visitor,Australia,41652
2025_visitor_nov.pdf,2025,NOV,visitor,Japan,36118
2025_visitor_nov.pdf,2025,NOV,visitor,United Kingdom,33746
2026_tourist_arrivals_apr.pdf,2026,APR,tourist,Singapore,704305
2026_tourist_arrivals_apr.pdf,2026,APR,tourist,China,309629
2026_tourist_arrivals_apr.pdf,2026,APR,tourist,Indonesia,307850
2026_tourist_arrivals_apr.pdf,2026,APR,tourist,Thailand,137167
2026_tourist_arrivals_apr.pdf,2026,APR,tourist,India,87899
2026_tourist_arrivals_apr.pdf,2026,APR,tourist,Brunei,83721
2026_tourist_arrivals_apr.pdf,2026,APR,tourist,Australia,31398
2026_tourist_arrivals_apr.pdf,2026,APR,tourist,Philippines,31999
2026_tourist_arrivals_apr.pdf,2026,APR,tourist,United Kingdom,34517
2026_tourist_arrivals_apr.pdf,2026,APR,tourist,Japan,36053
2026_tourist_arrivals_feb.pdf,2026,FEB,tourist,Singapore,670093
2026_tourist_arrivals_feb.pdf,2026,FEB,tourist,China,371299
2026_tourist_arrivals_feb.pdf,2026,FEB,tourist,Indonesia,343500
2026_tourist_arrivals_feb.pdf,2026,FEB,tourist,Thailand,150401
2026_tourist_arrivals_feb.pdf,2026,FEB,tourist,India,89958
2026_tourist_arrivals_feb.pdf,2026,FEB,tourist,Brunei,84389
2026_tourist_arrivals_feb.pdf,2026,FEB,tourist,United Kingdom,35195
2026_tourist_arrivals_feb.pdf,2026,FEB,tourist,Japan,26580
2026_tourist_arrivals_feb.pdf,2026,FEB,tourist,Philippines,29084
2026_tourist_arrivals_feb.pdf,2026,FEB,tourist,Australia,52275
2026_tourist_arrivals_jan.pdf,2026,JAN,tourist,Singapore,1073335
2026_tourist_arrivals_jan.pdf,2026,JAN,tourist,China,284828
2026_tourist_arrivals_jan.pdf,2026,JAN,tourist,Indonesia,346932
2026_tourist_arrivals_jan.pdf,2026,JAN,tourist,Thailand,140699
2026_tourist_arrivals_jan.pdf,2026,JAN,tourist,India,113309
2026_tourist_arrivals_jan.pdf,2026,JAN,tourist,Brunei,136910
2026_tourist_arrivals_jan.pdf,2026,JAN,tourist,Australia,54880
2026_tourist_arrivals_jan.pdf,2026,JAN,tourist,United Kingdom,33440
2026_tourist_arrivals_jan.pdf,2026,JAN,tourist,Philippines,44393
2026_tourist_arrivals_jan.pdf,2026,JAN,tourist,Japan,30331
2026_tourist_arrivals_may.pdf,2026,MAY,tourist,Singapore,652091
2026_tourist_arrivals_may.pdf,2026,MAY,tourist,China,339811
2026_tourist_arrivals_may.pdf,2026,MAY,tourist,Indonesia,284003
2026_tourist_arrivals_may.pdf,2026,MAY,tourist,Thailand,166791
2026_tourist_arrivals_may.pdf,2026,MAY,tourist,India,93299
2026_tourist_arrivals_may.pdf,2026,MAY,tourist,Brunei,56422
2026_tourist_arrivals_may.pdf,2026,MAY,tourist,Philippines,36419
2026_tourist_arrivals_may.pdf,2026,MAY,tourist,Australia,38237
2026_tourist_arrivals_may.pdf,2026,MAY,tourist,United Kingdom,30577
2026_tourist_arrivals_may.pdf,2026,MAY,tourist,Japan,23574
2026_visitor_arrivals_apr.pdf,2026,APR,visitor,Singapore,1755876
2026_visitor_arrivals_apr.pdf,2026,APR,visitor,China,371282
2026_visitor_arrivals_apr.pdf,2026,APR,visitor,Indonesia,359472
2026_visitor_arrivals_apr.pdf,2026,APR,visitor,Thailand,189679
2026_visitor_arrivals_apr.pdf,2026,APR,visitor,India,115997
2026_visitor_arrivals_apr.pdf,2026,APR,visitor,Brunei,129392
2026_visitor_arrivals_apr.pdf,2026,APR,visitor,Philippines,48480
2026_visitor_arrivals_apr.pdf,2026,APR,visitor,Australia,37255
2026_visitor_arrivals_apr.pdf,2026,APR,visitor,United Kingdom,39282
2026_visitor_arrivals_apr.pdf,2026,APR,visitor,Japan,43466
2026_visitor_arrivals_feb.pdf,2026,FEB,visitor,Singapore,1779252
2026_visitor_arrivals_feb.pdf,2026,FEB,visitor,China,432633
2026_visitor_arrivals_feb.pdf,2026,FEB,visitor,Indonesia,391977
2026_visitor_arrivals_feb.pdf,2026,FEB,visitor,Thailand,230451
2026_visitor_arrivals_feb.pdf,2026,FEB,visitor,India,116216
2026_visitor_arrivals_feb.pdf,2026,FEB,visitor,Brunei,147126
2026_visitor_arrivals_feb.pdf,2026,FEB,visitor,Philippines,45392
2026_visitor_arrivals_feb.pdf,2026,FEB,visitor,United Kingdom,40464
2026_visitor_arrivals_feb.pdf,2026,FEB,visitor,Japan,32566
2026_visitor_arrivals_feb.pdf,2026,FEB,visitor,Australia,64544
2026_visitor_arrivals_jan.pdf,2026,JAN,visitor,Singapore,2049795
2026_visitor_arrivals_jan.pdf,2026,JAN,visitor,China,342073
2026_visitor_arrivals_jan.pdf,2026,JAN,visitor,Indonesia,391813
2026_visitor_arrivals_jan.pdf,2026,JAN,visitor,Thailand,218049
2026_visitor_arrivals_jan.pdf,2026,JAN,visitor,Brunei,207280
2026_visitor_arrivals_jan.pdf,2026,JAN,visitor,India,139914
2026_visitor_arrivals_jan.pdf,2026,JAN,visitor,Australia,65034
2026_visitor_arrivals_jan.pdf,2026,JAN,visitor,Philippines,61895
2026_visitor_arrivals_jan.pdf,2026,JAN,visitor,United Kingdom,37844
2026_visitor_arrivals_jan.pdf,2026,JAN,visitor,Japan,36642
2026_visitor_arrivals_may.pdf,2026,MAY,visitor,Singapore,1696732
2026_visitor_arrivals_may.pdf,2026,MAY,visitor,China,403289
2026_visitor_arrivals_may.pdf,2026,MAY,visitor,Indonesia,322888
2026_visitor_arrivals_may.pdf,2026,MAY,visitor,Thailand,228700
2026_visitor_arrivals_may.pdf,2026,MAY,visitor,India,120262
2026_visitor_arrivals_may.pdf,2026,MAY,visitor,Brunei,96240
2026_visitor_arrivals_may.pdf,2026,MAY,visitor,Philippines,53114
2026_visitor_arrivals_may.pdf,2026,MAY,visitor,Australia,45058
2026_visitor_arrivals_may.pdf,2026,MAY,visitor,Japan,28386
2026_visitor_arrivals_may.pdf,2026,MAY,visitor,United Kingdom,35128
