Year,Month,Rank 1,Rank 2,Rank 3,Rank 4,Rank 5
2023,January,SELANGOR,JOHOR,SABAH,WP KUALA LUMPUR,PERAK
2023,February,SELANGOR,WP KUALA LUMPUR,JOHOR,SABAH,PUTRAJAYA
2023,March,WP KUALA LUMPUR,JOHOR,SELANGOR,SABAH,N/A
2023,April,WP KUALA LUMPUR,SELANGOR,PUTRAJAYA,JOHOR,KEDAH
2023,May,WP KUALA LUMPUR,SELANGOR,JOHOR,PUTRAJAYA,KEDAH
2023,June,WP KUALA LUMPUR,SELANGOR,PUTRAJAYA,JOHOR,N/A
2023,July,WP KUALA LUMPUR,SELANGOR,WP PUTRAJAYA,JOHOR,N/A
2023,August,0,0,0,0,0
2023,September,0,0,0,0,0
2023,October,0,0,0,0,0
2023,November,0,0,0,0,0
2023,December,0,0,0,0,0
